Protocollo;Gruppo;DataOraIncidente;Localizzazione1;STRADA1;Localizzazione2;STRADA2;Strada02;Chilometrica;DaSpecificare;NaturaIncidente;particolaritastrade;TipoStrada;FondoStradale;Pavimentazione;Segnaletica;CondizioneAtmosferica;Traffico;Visibilita;Illuminazione;NUM_FERITI;NUM_RISERVATA;NUM_MORTI;NUM_ILLESI;Longitude;Latitude;Confermato;Progressivo;TipoVeicolo;StatoVeicolo;TipoPersona;Sesso;Tipolesione;Deceduto;DecedutoDopo;CinturaCascoUtilizzato;Airbag;
4738836;5;06/01/2020 07:00:00;Strada Urbana;VIA TIBURTINA;all'intersezione semaforizzata con;PIAZZA DI S. MARIA DEL SOCCORSO;PIAZZA DI S. MARIA DEL SOCCORSO;;;Tamponamento;Incrocio;Una carreggiata a doppio senso;Asciutto;Asfaltata;Verticale ed orizzontale;Sereno;Scarso;Buona;Sufficiente;0;0;0;3;12.5613;41.9156;-1;1;Quadriciclo leggero;In marcia / fermata / arresto;Conducente;M;Illeso;0;;Non accertato;
4738836;5;06/01/2020 07:00:00;Strada Urbana;VIA TIBURTINA;all'intersezione semaforizzata con;PIAZZA DI S. MARIA DEL SOCCORSO;PIAZZA DI S. MARIA DEL SOCCORSO;;;Tamponamento;Incrocio;Una carreggiata a doppio senso;Asciutto;Asfaltata;Verticale ed orizzontale;Sereno;Scarso;Buona;Sufficiente;0;0;0;3;12.5613;41.9156;-1;2;Autovettura privata;In marcia / fermata / arresto;Conducente;F;Illeso;0;;Non accertato;
4738836;5;06/01/2020 07:00:00;Strada Urbana;VIA TIBURTINA;all'intersezione semaforizzata con;PIAZZA DI S. MARIA DEL SOCCORSO;PIAZZA DI S. MARIA DEL SOCCORSO;;;Tamponamento;Incrocio;Una carreggiata a doppio senso;Asciutto;Asfaltata;Verticale ed orizzontale;Sereno;Scarso;Buona;Sufficiente;0;0;0;3;12.5613;41.9156;-1;2;Autovettura privata;In marcia / fermata / arresto;Passeggero;M;Illeso;0;;Non accertato;
4738837;1;06/01/2020 23:45:00;Strada Urbana;VIA CONTE VERDE;in prossimità;;del civico n.;68;;Veicolo in marcia contro ostacolo fisso;Rettilineo;Una carreggiata a doppio senso;Asciutto;Asfaltata;Verticale ed orizzontale;Sereno;Scarso;Buona;Sufficiente;2;0;0;1;12.5077;41.8929;-1;1;Autobus di linea;In marcia / fermata / arresto;Conducente;M;Illeso;0;;;
4738837;1;06/01/2020 23:45:00;Strada Urbana;VIA CONTE VERDE;in prossimità;;del civico n.;68;;Veicolo in marcia contro ostacolo fisso;Rettilineo;Una carreggiata a doppio senso;Asciutto;Asfaltata;Verticale ed orizzontale;Sereno;Scarso;Buona;Sufficiente;2;0;0;1;12.5077;41.8929;-1;1;Autobus di linea;In marcia / fermata / arresto;Passeggero;M;Rimandato;0;NON DECEDUTO;;
4738837;1;06/01/2020 23:45:00;Strada Urbana;VIA CONTE VERDE;in prossimità;;del civico n.;68;;Veicolo in marcia contro ostacolo fisso;Rettilineo;Una carreggiata a doppio senso;Asciutto;Asfaltata;Verticale ed orizzontale;Sereno;Scarso;Buona;Sufficiente;2;0;0;1;12.5077;41.8929;-1;1;Autobus di linea;In marcia / fermata / arresto;Passeggero;M;Rimandato;0;NON DECEDUTO;;
4738843;7;03/01/2020 17:45:00;Strada Urbana;VIA PAPIRIA;in corrispondenza;;del civico n.;134;;Tamponamento;Rettilineo;Una carreggiata a doppio senso;Asciutto;Asfaltata;Orizzontale;Sereno;Normale;Buona;Sufficiente;0;0;0;4;12.5667;41.8625;0;1;Autovettura privata;Allontanatosi;;;;;;;
4738843;7;03/01/2020 17:45:00;Strada Urbana;VIA PAPIRIA;in corrispondenza;;del civico n.;134;;Tamponamento;Rettilineo;Una carreggiata a doppio senso;Asciutto;Asfaltata;Orizzontale;Sereno;Normale;Buona;Sufficiente;0;0;0;4;12.5667;41.8625;0;2;Autovettura privata;In marcia / fermata / arresto;Conducente;M;Illeso;0;;;
4738843;7;03/01/2020 17:45:00;Strada Urbana;VIA PAPIRIA;in corrispondenza;;del civico n.;134;;Tamponamento;Rettilineo;Una carreggiata a doppio senso;Asciutto;Asfaltata;Orizzontale;Sereno;Normale;Buona;Sufficiente;0;0;0;4;12.5667;41.8625;0;2;Autovettura privata;In marcia / fermata / arresto;Passeggero;F;Illeso;0;;;
4738843;7;03/01/2020 17:45:00;Strada Urbana;VIA PAPIRIA;in corrispondenza;;del civico n.;134;;Tamponamento;Rettilineo;Una carreggiata a doppio senso;Asciutto;Asfaltata;Orizzontale;Sereno;Normale;Buona;Sufficiente;0;0;0;4;12.5667;41.8625;0;2;Autovettura privata;In marcia / fermata / arresto;Passeggero;F;Illeso;0;;;
4738843;7;03/01/2020 17:45:00;Strada Urbana;VIA PAPIRIA;in corrispondenza;;del civico n.;134;;Tamponamento;Rettilineo;Una carreggiata a doppio senso;Asciutto;Asfaltata;Orizzontale;Sereno;Normale;Buona;Sufficiente;0;0;0;4;12.5667;41.8625;0;2;Autovettura privata;In marcia / fermata / arresto;Passeggero;M;Illeso;0;;;
4738854;17;04/01/2020 15:55:00;Strada Urbana;VIA DEI GRACCHI;all'intersezione con;VIA SILLA;VIA SILLA;;;Scontro frontale/laterale DX fra veicoli in marcia;Incrocio;Una carreggiata a senso unico di marcia;Asciutto;Asfaltata;Verticale ed orizzontale;Sereno;Normale;Buona;Ore Diurne;0;0;0;2;12.46;41.9074;-1;1;Autovettura privata;In marcia / fermata / arresto;Conducente;M;Illeso;0;;;
4738854;17;04/01/2020 15:55:00;Strada Urbana;VIA DEI GRACCHI;all'intersezione con;VIA SILLA;VIA SILLA;;;Scontro frontale/laterale DX fra veicoli in marcia;Incrocio;Una carreggiata a senso unico di marcia;Asciutto;Asfaltata;Verticale ed orizzontale;Sereno;Normale;Buona;Ore Diurne;0;0;0;2;12.46;41.9074;-1;1;Autovettura privata;In marcia / fermata / arresto;Passeggero;F;Illeso;0;;;
4738854;17;04/01/2020 15:55:00;Strada Urbana;VIA DEI GRACCHI;all'intersezione con;VIA SILLA;VIA SILLA;;;Scontro frontale/laterale DX fra veicoli in marcia;Incrocio;Una carreggiata a senso unico di marcia;Asciutto;Asfaltata;Verticale ed orizzontale;Sereno;Normale;Buona;Ore Diurne;0;0;0;2;12.46;41.9074;-1;2;Autovettura privata;Allontanatosi;;;;;;;
4738890;18;06/01/2020 11:05:00;Strada Urbana;VIA BALDO DEGLI UBALDI;all'intersezione semaforizzata con;VIALE DI VALLE AURELIA;VIALE DI VALLE AURELIA;;;Scontro frontale/laterale DX fra veicoli in marcia;Intersezione semaforizzata;Più di due carreggiate;Asciutto;Asfaltata;Verticale ed orizzontale;Sereno;Normale;Buona;Ore Diurne;3;0;0;3;12.4386;41.9012;-1;1;Autovettura privata;In marcia / fermata / arresto;Conducente;M;Illeso;0;;;
4738890;18;06/01/2020 11:05:00;Strada Urbana;VIA BALDO DEGLI UBALDI;all'intersezione semaforizzata con;VIALE DI VALLE AURELIA;VIALE DI VALLE AURELIA;;;Scontro frontale/laterale DX fra veicoli in marcia;Intersezione semaforizzata;Più di due carreggiate;Asciutto;Asfaltata;Verticale ed orizzontale;Sereno;Normale;Buona;Ore Diurne;3;0;0;3;12.4386;41.9012;-1;1;Autovettura privata;In marcia / fermata / arresto;Passeggero;F;Illeso;0;;;
4738890;18;06/01/2020 11:05:00;Strada Urbana;VIA BALDO DEGLI UBALDI;all'intersezione semaforizzata con;VIALE DI VALLE AURELIA;VIALE DI VALLE AURELIA;;;Scontro frontale/laterale DX fra veicoli in marcia;Intersezione semaforizzata;Più di due carreggiate;Asciutto;Asfaltata;Verticale ed orizzontale;Sereno;Normale;Buona;Ore Diurne;3;0;0;3;12.4386;41.9012;-1;1;Autovettura privata;In marcia / fermata / arresto;Passeggero;F;Illeso;0;;;
4738890;18;06/01/2020 11:05:00;Strada Urbana;VIA BALDO DEGLI UBALDI;all'intersezione semaforizzata con;VIALE DI VALLE AURELIA;VIALE DI VALLE AURELIA;;;Scontro frontale/laterale DX fra veicoli in marcia;Intersezione semaforizzata;Più di due carreggiate;Asciutto;Asfaltata;Verticale ed orizzontale;Sereno;Normale;Buona;Ore Diurne;3;0;0;3;12.4386;41.9012;-1;1;Autovettura privata;In marcia / fermata / arresto;Passeggero;F;Rimandato;0;NON DECEDUTO;;
4738890;18;06/01/2020 11:05:00;Strada Urbana;VIA BALDO DEGLI UBALDI;all'intersezione semaforizzata con;VIALE DI VALLE AURELIA;VIALE DI VALLE AURELIA;;;Scontro frontale/laterale DX fra veicoli in marcia;Intersezione semaforizzata;Più di due carreggiate;Asciutto;Asfaltata;Verticale ed orizzontale;Sereno;Normale;Buona;Ore Diurne;3;0;0;3;12.4386;41.9012;-1;2;Motociclo a solo;In marcia / fermata / arresto;Conducente;M;Rimandato;0;NON DECEDUTO;;
4738899;4;05/01/2020 04:30:00;Strada Urbana;VIA MONTE NEVOSO;da specificare;;;;fronte civ. 24;Veicolo in marcia contro veicoli in sosta;Curva senza visuale libera;Una carreggiata a doppio senso;Asciutto;Asfaltata;Assente;Sereno;Scarso;Sufficiente;Sufficiente;0;0;0;1;12.5365;41.9295;-1;1;Autovettura privata;In marcia / fermata / arresto;Conducente;M;Illeso;0;;;
4738899;4;05/01/2020 04:30:00;Strada Urbana;VIA MONTE NEVOSO;da specificare;;;;fronte civ. 24;Veicolo in marcia contro veicoli in sosta;Curva senza visuale libera;Una carreggiata a doppio senso;Asciutto;Asfaltata;Assente;Sereno;Scarso;Sufficiente;Sufficiente;0;0;0;1;12.5365;41.9295;-1;2;Autovettura privata;Sosta;;;;;;;
4738899;4;05/01/2020 04:30:00;Strada Urbana;VIA MONTE NEVOSO;da specificare;;;;fronte civ. 24;Veicolo in marcia contro veicoli in sosta;Curva senza visuale libera;Una carreggiata a doppio senso;Asciutto;Asfaltata;Assente;Sereno;Scarso;Sufficiente;Sufficiente;0;0;0;1;12.5365;41.9295;-1;3;Autovettura privata;Sosta;;;;;;;
4738899;4;05/01/2020 04:30:00;Strada Urbana;VIA MONTE NEVOSO;da specificare;;;;fronte civ. 24;Veicolo in marcia contro veicoli in sosta;Curva senza visuale libera;Una carreggiata a doppio senso;Asciutto;Asfaltata;Assente;Sereno;Scarso;Sufficiente;Sufficiente;0;0;0;1;12.5365;41.9295;-1;4;Autovettura privata;Sosta;;;;;;;
4738906;13;06/01/2020 19:25:00;Strada Urbana;VIA CARLO CASINI;all'intersezione con;VIA DOMENICO DA PONZO;VIA DOMENICO DA PONZO;;;Scontro frontale/laterale DX fra veicoli in marcia;Incrocio;Una carreggiata a senso unico di marcia;Asciutto;Asfaltata;Verticale;Sereno;Normale;Buona;Sufficiente;3;0;0;0;12.3374;41.7823;-1;1;Autovettura privata;In marcia / fermata / arresto;Conducente;F;Rimandato;0;NON DECEDUTO;;
4738906;13;06/01/2020 19:25:00;Strada Urbana;VIA CARLO CASINI;all'intersezione con;VIA DOMENICO DA PONZO;VIA DOMENICO DA PONZO;;;Scontro frontale/laterale DX fra veicoli in marcia;Incrocio;Una carreggiata a senso unico di marcia;Asciutto;Asfaltata;Verticale;Sereno;Normale;Buona;Sufficiente;3;0;0;0;12.3374;41.7823;-1;1;Autovettura privata;In marcia / fermata / arresto;Passeggero;M;Rimandato;0;NON DECEDUTO;Non accertato;Inesploso
4738906;13;06/01/2020 19:25:00;Strada Urbana;VIA CARLO CASINI;all'intersezione con;VIA DOMENICO DA PONZO;VIA DOMENICO DA PONZO;;;Scontro frontale/laterale DX fra veicoli in marcia;Incrocio;Una carreggiata a senso unico di marcia;Asciutto;Asfaltata;Verticale;Sereno;Normale;Buona;Sufficiente;3;0;0;0;12.3374;41.7823;-1;2;Autovettura privata;In marcia / fermata / arresto;Conducente;M;Rimandato;0;NON DECEDUTO;;
4738906;13;06/01/2020 19:25:00;Strada Urbana;VIA CARLO CASINI;all'intersezione con;VIA DOMENICO DA PONZO;VIA DOMENICO DA PONZO;;;Scontro frontale/laterale DX fra veicoli in marcia;Incrocio;Una carreggiata a senso unico di marcia;Asciutto;Asfaltata;Verticale;Sereno;Normale;Buona;Sufficiente;3;0;0;0;12.3374;41.7823;-1;3;Autovettura privata;Sosta;;;;;;;
4738907;3;05/01/2020 11:40:00;Strada Urbana;VIA TIBURTINA;da specificare;;;;altezza Piazzale Valerio Massimo;Scontro laterale fra veicoli in marcia;Rettilineo;Più di due carreggiate;Asciutto;Asfaltata;Verticale ed orizzontale;Sereno;Scarso;Buona;Ore Diurne;0;0;0;3;12.5221;41.9058;0;1;Autovettura privata;In marcia / fermata / arresto;Conducente;F;Illeso;0;;;
4738907;3;05/01/2020 11:40:00;Strada Urbana;VIA TIBURTINA;da specificare;;;;altezza Piazzale Valerio Massimo;Scontro laterale fra veicoli in marcia;Rettilineo;Più di due carreggiate;Asciutto;Asfaltata;Verticale ed orizzontale;Sereno;Scarso;Buona;Ore Diurne;0;0;0;3;12.5221;41.9058;0;2;Autovettura di polizia;In marcia / fermata / arresto;Conducente;M;Illeso;0;;;
4738907;3;05/01/2020 11:40:00;Strada Urbana;VIA TIBURTINA;da specificare;;;;altezza Piazzale Valerio Massimo;Scontro laterale fra veicoli in marcia;Rettilineo;Più di due carreggiate;Asciutto;Asfaltata;Verticale ed orizzontale;Sereno;Scarso;Buona;Ore Diurne;0;0;0;3;12.5221;41.9058;0;2;Autovettura di polizia;In marcia / fermata / arresto;Passeggero;M;Illeso;0;;;
4738910;1;06/01/2020 20:15:00;Strada Urbana;VIA DI S. GIOVANNI IN LATERANO;in prossimità;;del civico n.;59;;Veicolo in marcia contro veicolo in sosta;Rettilineo;Una carreggiata a senso unico di marcia;Asciutto;In cubetti di porfido;Verticale ed orizzontale;Sereno;Scarso;Sufficiente;Sufficiente;0;0;0;1;12.4986;41.8888;-1;1;Motociclo a solo;Sosta;;;;;;;
4738910;1;06/01/2020 20:15:00;Strada Urbana;VIA DI S. GIOVANNI IN LATERANO;in prossimità;;del civico n.;59;;Veicolo in marcia contro veicolo in sosta;Rettilineo;Una carreggiata a senso unico di marcia;Asciutto;In cubetti di porfido;Verticale ed orizzontale;Sereno;Scarso;Sufficiente;Sufficiente;0;0;0;1;12.4986;41.8888;-1;2;Motociclo a solo;Sosta;;;;;;;
4738910;1;06/01/2020 20:15:00;Strada Urbana;VIA DI S. GIOVANNI IN LATERANO;in prossimità;;del civico n.;59;;Veicolo in marcia contro veicolo in sosta;Rettilineo;Una carreggiata a senso unico di marcia;Asciutto;In cubetti di porfido;Verticale ed orizzontale;Sereno;Scarso;Sufficiente;Sufficiente;0;0;0;1;12.4986;41.8888;-1;3;Motociclo a solo;Sosta;;;;;;;
4738910;1;06/01/2020 20:15:00;Strada Urbana;VIA DI S. GIOVANNI IN LATERANO;in prossimità;;del civico n.;59;;Veicolo in marcia contro veicolo in sosta;Rettilineo;Una carreggiata a senso unico di marcia;Asciutto;In cubetti di porfido;Verticale ed orizzontale;Sereno;Scarso;Sufficiente;Sufficiente;0;0;0;1;12.4986;41.8888;-1;4;Autovettura privata;In marcia / fermata / arresto;Conducente;M;Illeso;0;;Non accertato;Inesploso
4738928;17;04/01/2020 16:09:00;Strada Urbana;VIA SABOTINO;all'intersezione con;VIA MONTE SANTO;VIA MONTE SANTO;;;Scontro frontale/laterale DX fra veicoli in marcia;Incrocio;Due carreggiate;Asciutto;Asfaltata;Verticale ed orizzontale;Sereno;Normale;Buona;Ore Diurne;0;0;0;2;12.4602;41.9168;-1;1;Autovettura privata;In marcia / fermata / arresto;Conducente;M;Illeso;0;;;
4738928;17;04/01/2020 16:09:00;Strada Urbana;VIA SABOTINO;all'intersezione con;VIA MONTE SANTO;VIA MONTE SANTO;;;Scontro frontale/laterale DX fra veicoli in marcia;Incrocio;Due carreggiate;Asciutto;Asfaltata;Verticale ed orizzontale;Sereno;Normale;Buona;Ore Diurne;0;0;0;2;12.4602;41.9168;-1;2;Autovettura privata;In marcia / fermata / arresto;Conducente;M;Illeso;0;;;
4738928;17;04/01/2020 16:09:00;Strada Urbana;VIA SABOTINO;all'intersezione con;VIA MONTE SANTO;VIA MONTE SANTO;;;Scontro frontale/laterale DX fra veicoli in marcia;Incrocio;Due carreggiate;Asciutto;Asfaltata;Verticale ed orizzontale;Sereno;Normale;Buona;Ore Diurne;0;0;0;2;12.4602;41.9168;-1;3;Autovettura privata;Sosta;;;;;;;
4738934;17;04/01/2020 16:35:00;Strada Urbana;VIA CRESCENZIO;all'intersezione con;VIA ORAZIO;VIA ORAZIO;;;Scontro frontale/laterale DX fra veicoli in marcia;Intersezione stradale segnalata;Una carreggiata a doppio senso;Asciutto;In cubetti di porfido;Verticale ed orizzontale;Sereno;Normale;Buona;Ore Diurne;0;0;0;8;12.4672;41.9055;-1;1;Autovettura privata;In marcia / fermata / arresto;Conducente;M;Illeso;0;;;
4738934;17;04/01/2020 16:35:00;Strada Urbana;VIA CRESCENZIO;all'intersezione con;VIA ORAZIO;VIA ORAZIO;;;Scontro frontale/laterale DX fra veicoli in marcia;Intersezione stradale segnalata;Una carreggiata a doppio senso;Asciutto;In cubetti di porfido;Verticale ed orizzontale;Sereno;Normale;Buona;Ore Diurne;0;0;0;8;12.4672;41.9055;-1;1;Autovettura privata;In marcia / fermata / arresto;Passeggero;F;Illeso;0;;;
4738934;17;04/01/2020 16:35:00;Strada Urbana;VIA CRESCENZIO;all'intersezione con;VIA ORAZIO;VIA ORAZIO;;;Scontro frontale/laterale DX fra veicoli in marcia;Intersezione stradale segnalata;Una carreggiata a doppio senso;Asciutto;In cubetti di porfido;Verticale ed orizzontale;Sereno;Normale;Buona;Ore Diurne;0;0;0;8;12.4672;41.9055;-1;1;Autovettura privata;In marcia / fermata / arresto;Passeggero;F;Illeso;0;;;
4738934;17;04/01/2020 16:35:00;Strada Urbana;VIA CRESCENZIO;all'intersezione con;VIA ORAZIO;VIA ORAZIO;;;Scontro frontale/laterale DX fra veicoli in marcia;Intersezione stradale segnalata;Una carreggiata a doppio senso;Asciutto;In cubetti di porfido;Verticale ed orizzontale;Sereno;Normale;Buona;Ore Diurne;0;0;0;8;12.4672;41.9055;-1;1;Autovettura privata;In marcia / fermata / arresto;Passeggero;M;Illeso;0;;;
4738934;17;04/01/2020 16:35:00;Strada Urbana;VIA CRESCENZIO;all'intersezione con;VIA ORAZIO;VIA ORAZIO;;;Scontro frontale/laterale DX fra veicoli in marcia;Intersezione stradale segnalata;Una carreggiata a doppio senso;Asciutto;In cubetti di porfido;Verticale ed orizzontale;Sereno;Normale;Buona;Ore Diurne;0;0;0;8;12.4672;41.9055;-1;2;Autovettura privata;In marcia / fermata / arresto;Conducente;M;Illeso;0;;;
4738934;17;04/01/2020 16:35:00;Strada Urbana;VIA CRESCENZIO;all'intersezione con;VIA ORAZIO;VIA ORAZIO;;;Scontro frontale/laterale DX fra veicoli in marcia;Intersezione stradale segnalata;Una carreggiata a doppio senso;Asciutto;In cubetti di porfido;Verticale ed orizzontale;Sereno;Normale;Buona;Ore Diurne;0;0;0;8;12.4672;41.9055;-1;2;Autovettura privata;In marcia / fermata / arresto;Passeggero;M;Illeso;0;;;
4738934;17;04/01/2020 16:35:00;Strada Urbana;VIA CRESCENZIO;all'intersezione con;VIA ORAZIO;VIA ORAZIO;;;Scontro frontale/laterale DX fra veicoli in marcia;Intersezione stradale segnalata;Una carreggiata a doppio senso;Asciutto;In cubetti di porfido;Verticale ed orizzontale;Sereno;Normale;Buona;Ore Diurne;0;0;0;8;12.4672;41.9055;-1;2;Autovettura privata;In marcia / fermata / arresto;Passeggero;M;Illeso;0;;;
4738934;17;04/01/2020 16:35:00;Strada Urbana;VIA CRESCENZIO;all'intersezione con;VIA ORAZIO;VIA ORAZIO;;;Scontro frontale/laterale DX fra veicoli in marcia;Intersezione stradale segnalata;Una carreggiata a doppio senso;Asciutto;In cubetti di porfido;Verticale ed orizzontale;Sereno;Normale;Buona;Ore Diurne;0;0;0;8;12.4672;41.9055;-1;2;Autovettura privata;In marcia / fermata / arresto;Passeggero;F;Illeso;0;;;
4738957;12;06/01/2020 02:45:00;Strada Urbana;VIA DI CASTEL DI LEVA;in prossimità;;del civico n.;131;;Ribaltamento senza urto contro ostacolo fisso;Curva senza visuale libera;Una carreggiata a doppio senso;Asciutto;Asfaltata;Verticale ed orizzontale;Sereno;Scarso;Sufficiente;Inesistente;0;0;0;1;12.5067;41.788;-1;1;Autovettura privata;In marcia / fermata / arresto;Conducente;M;Illeso;0;;;
4738979;7;04/01/2020 09:45:00;Strada Urbana;VIALE PALMIRO TOGLIATTI;in prossimità;;del palo luce n.;394;;Tamponamento;Rettilineo;Una carreggiata a doppio senso;Asciutto;Asfaltata;Orizzontale;Sereno;Normale;Buona;Ore Diurne;0;0;0;2;12.5733;41.8872;-1;1;Autovettura privata;In marcia / fermata / arresto;Conducente;M;Illeso;0;;;Inesploso
4738979;7;04/01/2020 09:45:00;Strada Urbana;VIALE PALMIRO TOGLIATTI;in prossimità;;del palo luce n.;394;;Tamponamento;Rettilineo;Una carreggiata a doppio senso;Asciutto;Asfaltata;Orizzontale;Sereno;Normale;Buona;Ore Diurne;0;0;0;2;12.5733;41.8872;-1;2;Autovettura privata;In marcia / fermata / arresto;Conducente;M;Illeso;0;;;Inesploso
4738983;4;06/01/2020 16:05:00;Strada Urbana;VIA MONTE BIANCO;all'intersezione con;VIALE PANTELLERIA;VIALE PANTELLERIA;;;Scontro laterale fra veicoli in marcia;Incrocio;Due carreggiate;Asciutto;Asfaltata;Verticale ed orizzontale;Sereno;Normale;Buona;Ore Diurne;0;0;0;2;12.531;41.9439;-1;1;Autovettura privata;In marcia / fermata / arresto;Conducente;F;Illeso;0;;Non accertato;Inesploso
4738983;4;06/01/2020 16:05:00;Strada Urbana;VIA MONTE BIANCO;all'intersezione con;VIALE PANTELLERIA;VIALE PANTELLERIA;;;Scontro laterale fra veicoli in marcia;Incrocio;Due carreggiate;Asciutto;Asfaltata;Verticale ed orizzontale;Sereno;Normale;Buona;Ore Diurne;0;0;0;2;12.531;41.9439;-1;2;Autovettura privata;In marcia / fermata / arresto;Conducente;F;Illeso;0;;Non accertato;Inesploso
4738984;12;05/01/2020 11:59:00;Regionale;VIA PONTINA;in corrispondenza;;della chilometrica;15.7;;Tamponamento;Rettilineo;Due carreggiate;Asciutto;Asfaltata;Verticale ed orizzontale;Sereno;Intenso;Sufficiente;Ore Diurne;0;0;0;4;12.4522;41.7941;-1;1;Autovettura privata;In marcia / fermata / arresto;Conducente;M;Illeso;0;;Utilizzato;Inesploso
4738984;12;05/01/2020 11:59:00;Regionale;VIA PONTINA;in corrispondenza;;della chilometrica;15.7;;Tamponamento;Rettilineo;Due carreggiate;Asciutto;Asfaltata;Verticale ed orizzontale;Sereno;Intenso;Sufficiente;Ore Diurne;0;0;0;4;12.4522;41.7941;-1;1;Autovettura privata;In marcia / fermata / arresto;Passeggero;M;Illeso;0;;Utilizzato;Inesploso
4738984;12;05/01/2020 11:59:00;Regionale;VIA PONTINA;in corrispondenza;;della chilometrica;15.7;;Tamponamento;Rettilineo;Due carreggiate;Asciutto;Asfaltata;Verticale ed orizzontale;Sereno;Intenso;Sufficiente;Ore Diurne;0;0;0;4;12.4522;41.7941;-1;2;Autovettura privata;In marcia / fermata / arresto;Conducente;M;Illeso;0;;Utilizzato;Inesploso
4738984;12;05/01/2020 11:59:00;Regionale;VIA PONTINA;in corrispondenza;;della chilometrica;15.7;;Tamponamento;Rettilineo;Due carreggiate;Asciutto;Asfaltata;Verticale ed orizzontale;Sereno;Intenso;Sufficiente;Ore Diurne;0;0;0;4;12.4522;41.7941;-1;2;Autovettura privata;In marcia / fermata / arresto;Passeggero;M;Illeso;0;;;
4738989;1;05/01/2020 10:10:00;Strada Urbana;LUNGOTEVERE DEI TEBALDI;in prossimità;;del civico n.;14;;Scontro frontale/laterale DX fra veicoli in marcia;Rettilineo;Una carreggiata a senso unico di marcia;Asciutto;Asfaltata;Verticale ed orizzontale;Sereno;Normale;Buona;Ore Diurne;1;0;0;2;12.4684;41.895;-1;1;Autovettura privata;In marcia / fermata / arresto;Conducente;M;Illeso;0;;;
4738989;1;05/01/2020 10:10:00;Strada Urbana;LUNGOTEVERE DEI TEBALDI;in prossimità;;del civico n.;14;;Scontro frontale/laterale DX fra veicoli in marcia;Rettilineo;Una carreggiata a senso unico di marcia;Asciutto;Asfaltata;Verticale ed orizzontale;Sereno;Normale;Buona;Ore Diurne;1;0;0;2;12.4684;41.895;-1;1;Autovettura privata;In marcia / fermata / arresto;Passeggero;F;Illeso;0;;;
4738989;1;05/01/2020 10:10:00;Strada Urbana;LUNGOTEVERE DEI TEBALDI;in prossimità;;del civico n.;14;;Scontro frontale/laterale DX fra veicoli in marcia;Rettilineo;Una carreggiata a senso unico di marcia;Asciutto;Asfaltata;Verticale ed orizzontale;Sereno;Normale;Buona;Ore Diurne;1;0;0;2;12.4684;41.895;-1;2;Velocipede;In marcia / fermata / arresto;Conducente;M;Rimandato;0;NON DECEDUTO;Esente;
4738993;17;04/01/2020 17:55:00;Strada Urbana;VIA COLA DI RIENZO;all'intersezione semaforizzata con;VIA TERENZIO;VIA TERENZIO;;;Scontro frontale/laterale DX fra veicoli in marcia;Intersezione semaforizzata;Una carreggiata a doppio senso;Asciutto;In cubetti di porfido;Verticale ed orizzontale;Sereno;Intenso;Sufficiente;Sufficiente;0;0;0;5;12.4628;41.9074;-1;1;Autovettura privata;In marcia / fermata / arresto;Conducente;M;Illeso;0;;;
4738993;17;04/01/2020 17:55:00;Strada Urbana;VIA COLA DI RIENZO;all'intersezione semaforizzata con;VIA TERENZIO;VIA TERENZIO;;;Scontro frontale/laterale DX fra veicoli in marcia;Intersezione semaforizzata;Una carreggiata a doppio senso;Asciutto;In cubetti di porfido;Verticale ed orizzontale;Sereno;Intenso;Sufficiente;Sufficiente;0;0;0;5;12.4628;41.9074;-1;1;Autovettura privata;In marcia / fermata / arresto;Passeggero;F;Illeso;0;;;
4738993;17;04/01/2020 17:55:00;Strada Urbana;VIA COLA DI RIENZO;all'intersezione semaforizzata con;VIA TERENZIO;VIA TERENZIO;;;Scontro frontale/laterale DX fra veicoli in marcia;Intersezione semaforizzata;Una carreggiata a doppio senso;Asciutto;In cubetti di porfido;Verticale ed orizzontale;Sereno;Intenso;Sufficiente;Sufficiente;0;0;0;5;12.4628;41.9074;-1;1;Autovettura privata;In marcia / fermata / arresto;Passeggero;F;Illeso;0;;;
4738993;17;04/01/2020 17:55:00;Strada Urbana;VIA COLA DI RIENZO;all'intersezione semaforizzata con;VIA TERENZIO;VIA TERENZIO;;;Scontro frontale/laterale DX fra veicoli in marcia;Intersezione semaforizzata;Una carreggiata a doppio senso;Asciutto;In cubetti di porfido;Verticale ed orizzontale;Sereno;Intenso;Sufficiente;Sufficiente;0;0;0;5;12.4628;41.9074;-1;2;Autovettura privata;In marcia / fermata / arresto;Conducente;M;Illeso;0;;;
4738993;17;04/01/2020 17:55:00;Strada Urbana;VIA COLA DI RIENZO;all'intersezione semaforizzata con;VIA TERENZIO;VIA TERENZIO;;;Scontro frontale/laterale DX fra veicoli in marcia;Intersezione semaforizzata;Una carreggiata a doppio senso;Asciutto;In cubetti di porfido;Verticale ed orizzontale;Sereno;Intenso;Sufficiente;Sufficiente;0;0;0;5;12.4628;41.9074;-1;2;Autovettura privata;In marcia / fermata / arresto;Passeggero;F;Illeso;0;;;