Protocollo;Gruppo;DataOraIncidente;Localizzazione1;STRADA1;Localizzazione2;STRADA2;Strada02;Chilometrica;DaSpecificare;NaturaIncidente;particolaritastrade;TipoStrada;FondoStradale;Pavimentazione;Segnaletica;CondizioneAtmosferica;Traffico;Visibilita;Illuminazione;NUM_FERITI;NUM_RISERVATA;NUM_MORTI;NUM_ILLESI;Longitude;Latitude;Confermato;Progressivo;TipoVeicolo;StatoVeicolo;TipoPersona;Sesso;Tipolesione;Deceduto;DecedutoDopo;CinturaCascoUtilizzato;Airbag;
4748207;19;11/01/2020 19:45:00;Strada Urbana;VIA OTTAVIO ASSAROTTI;all'intersezione con;VIA FRATELLI GUALANDI;VIA FRATELLI GUALANDI;;;Scontro frontale/laterale SX fra veicoli in marcia;Incrocio;Una carreggiata a senso unico di marcia;Asciutto;Asfaltata;Verticale ed orizzontale;Sereno;Normale;Buona;Sufficiente;0;0;0;4;12.4224;41.9419;-1;1;Autovettura privata;In marcia / fermata / arresto;Passeggero;M;Illeso;0;;Non accertato;Inesploso
4748207;19;11/01/2020 19:45:00;Strada Urbana;VIA OTTAVIO ASSAROTTI;all'intersezione con;VIA FRATELLI GUALANDI;VIA FRATELLI GUALANDI;;;Scontro frontale/laterale SX fra veicoli in marcia;Incrocio;Una carreggiata a senso unico di marcia;Asciutto;Asfaltata;Verticale ed orizzontale;Sereno;Normale;Buona;Sufficiente;0;0;0;4;12.4224;41.9419;-1;1;Autovettura privata;In marcia / fermata / arresto;Passeggero;M;Illeso;0;;Non accertato;Inesploso
4748207;19;11/01/2020 19:45:00;Strada Urbana;VIA OTTAVIO ASSAROTTI;all'intersezione con;VIA FRATELLI GUALANDI;VIA FRATELLI GUALANDI;;;Scontro frontale/laterale SX fra veicoli in marcia;Incrocio;Una carreggiata a senso unico di marcia;Asciutto;Asfaltata;Verticale ed orizzontale;Sereno;Normale;Buona;Sufficiente;0;0;0;4;12.4224;41.9419;-1;2;Autovettura privata;In marcia / fermata / arresto;Conducente;M;Illeso;0;;Non accertato;Inesploso
4748209;7;12/01/2020 14:20:00;Strada Urbana;VIA PRENESTINA;all'intersezione con;VIA DEL MAGGIOLINO;VIA DEL MAGGIOLINO;;;Scontro frontale/laterale SX fra veicoli in marcia;Incrocio;Una carreggiata a doppio senso;Asciutto;Asfaltata;Verticale ed orizzontale;Sereno;Normale;Buona;Ore Diurne;1;0;0;3;12.6066;41.8938;-1;1;Autovettura privata;In marcia / fermata / arresto;Conducente;M;Illeso;0;;Non accertato;Inesploso
4748209;7;12/01/2020 14:20:00;Strada Urbana;VIA PRENESTINA;all'intersezione con;VIA DEL MAGGIOLINO;VIA DEL MAGGIOLINO;;;Scontro frontale/laterale SX fra veicoli in marcia;Incrocio;Una carreggiata a doppio senso;Asciutto;Asfaltata;Verticale ed orizzontale;Sereno;Normale;Buona;Ore Diurne;1;0;0;3;12.6066;41.8938;-1;1;Autovettura privata;In marcia / fermata / arresto;Passeggero;M;Illeso;0;;Non accertato;Inesploso
4748209;7;12/01/2020 14:20:00;Strada Urbana;VIA PRENESTINA;all'intersezione con;VIA DEL MAGGIOLINO;VIA DEL MAGGIOLINO;;;Scontro frontale/laterale SX fra veicoli in marcia;Incrocio;Una carreggiata a doppio senso;Asciutto;Asfaltata;Verticale ed orizzontale;Sereno;Normale;Buona;Ore Diurne;1;0;0;3;12.6066;41.8938;-1;1;Autovettura privata;In marcia / fermata / arresto;Passeggero;F;Illeso;0;;Non accertato;Inesploso
4748209;7;12/01/2020 14:20:00;Strada Urbana;VIA PRENESTINA;all'intersezione con;VIA DEL MAGGIOLINO;VIA DEL MAGGIOLINO;;;Scontro frontale/laterale SX fra veicoli in marcia;Incrocio;Una carreggiata a doppio senso;Asciutto;Asfaltata;Verticale ed orizzontale;Sereno;Normale;Buona;Ore Diurne;1;0;0;3;12.6066;41.8938;-1;2;Motociclo a solo;In marcia / fermata / arresto;Conducente;M;Rimandato;0;NON DECEDUTO;Non accertato;
4748211;17;12/01/2020 19:00:00;Strada Urbana;PIAZZALE CLODIO;in prossimità;;del civico n.;1/E;;Scontro frontale/laterale SX fra veicoli in marcia;Rotatoria;Più di due carreggiate;Asciutto;Asfaltata;Verticale ed orizzontale;Sereno;Intenso;Sufficiente;Sufficiente;1;0;0;1;12.4563;41.9174;-1;1;Autovettura privata;In marcia / fermata / arresto;Conducente;M;Illeso;0;;;
4748211;17;12/01/2020 19:00:00;Strada Urbana;PIAZZALE CLODIO;in prossimità;;del civico n.;1/E;;Scontro frontale/laterale SX fra veicoli in marcia;Rotatoria;Più di due carreggiate;Asciutto;Asfaltata;Verticale ed orizzontale;Sereno;Intenso;Sufficiente;Sufficiente;1;0;0;1;12.4563;41.9174;-1;2;Quadriciclo leggero;In marcia / fermata / arresto;Conducente;M;Rimandato;0;NON DECEDUTO;;
4748212;11;12/01/2020 17:40:00;Strada Urbana;VIA ALESSANDRO CIALDI;all'intersezione con;VIA GIULIO ROCCO;VIA GIULIO ROCCO;;;Investimento di pedone;Incrocio;Una carreggiata a senso unico di marcia;Asciutto;Asfaltata;Verticale ed orizzontale;Sereno;Scarso;Buona;Sufficiente;2;0;0;0;12.4815;41.8624;-1;;;;Pedone;F;Rimandato;0;NON DECEDUTO;;
4748212;11;12/01/2020 17:40:00;Strada Urbana;VIA ALESSANDRO CIALDI;all'intersezione con;VIA GIULIO ROCCO;VIA GIULIO ROCCO;;;Investimento di pedone;Incrocio;Una carreggiata a senso unico di marcia;Asciutto;Asfaltata;Verticale ed orizzontale;Sereno;Scarso;Buona;Sufficiente;2;0;0;0;12.4815;41.8624;-1;1;Motociclo a solo;In marcia / fermata / arresto;Conducente;M;Rifiuta cure immediate;0;NON DECEDUTO;;
4748213;5;10/01/2020 18:00:00;Strada Urbana;VIA DI CASAL BIANCO;da specificare;;;; 1 km da rotatoria  M. Simone;Veicolo in marcia contro ostacolo accidentale;Rettilineo;Una carreggiata a doppio senso;Asciutto;Asfaltata;Orizzontale;Sereno;Normale;Insufficiente;Insufficiente;0;0;0;2;12.6673;41.962;-1;1;Autovettura privata;In marcia / fermata / arresto;Conducente;M;Illeso;0;;Non accertato;Inesploso
4748213;5;10/01/2020 18:00:00;Strada Urbana;VIA DI CASAL BIANCO;da specificare;;;; 1 km da rotatoria  M. Simone;Veicolo in marcia contro ostacolo accidentale;Rettilineo;Una carreggiata a doppio senso;Asciutto;Asfaltata;Orizzontale;Sereno;Normale;Insufficiente;Insufficiente;0;0;0;2;12.6673;41.962;-1;1;Autovettura privata;In marcia / fermata / arresto;Passeggero;M;Illeso;0;;Non accertato;Inesploso
4748217;20;12/01/2020 10:30:00;Regionale;VIA FLAMINIA;in corrispondenza;;della chilometrica;16.5;;Scontro laterale fra veicoli in marcia;Curva a visuale libera;Una carreggiata a doppio senso;Asciutto;Asfaltata;Verticale ed orizzontale;Sereno;Normale;Buona;Ore Diurne;3;0;0;1;12.4718;41.9419;-1;1;Autovettura privata;In marcia / fermata / arresto;Conducente;M;Illeso;0;;Non accertato;
4748217;20;12/01/2020 10:30:00;Regionale;VIA FLAMINIA;in corrispondenza;;della chilometrica;16.5;;Scontro laterale fra veicoli in marcia;Curva a visuale libera;Una carreggiata a doppio senso;Asciutto;Asfaltata;Verticale ed orizzontale;Sereno;Normale;Buona;Ore Diurne;3;0;0;1;12.4718;41.9419;-1;2;Autovettura privata;In marcia / fermata / arresto;Conducente;M;Rimandato;0;NON DECEDUTO;Non accertato;
4748217;20;12/01/2020 10:30:00;Regionale;VIA FLAMINIA;in corrispondenza;;della chilometrica;16.5;;Scontro laterale fra veicoli in marcia;Curva a visuale libera;Una carreggiata a doppio senso;Asciutto;Asfaltata;Verticale ed orizzontale;Sereno;Normale;Buona;Ore Diurne;3;0;0;1;12.4718;41.9419;-1;2;Autovettura privata;In marcia / fermata / arresto;Passeggero;M;Ricoverato;0;NON DECEDUTO;;
4748226;19;12/01/2020 23:45:00;Strada Urbana;VIA DI TORREVECCHIA;all'intersezione con;VIA SIMONE MOSCA;VIA SIMONE MOSCA;;;Scontro laterale fra veicoli in marcia;Incrocio;Una carreggiata a doppio senso;Asciutto;Asfaltata;Verticale ed orizzontale;Sereno;Scarso;Insufficiente;Insufficiente;0;0;0;5;12.4173;41.929;-1;1;Autovettura privata;In marcia / fermata / arresto;Conducente;M;Illeso;0;;Non accertato;Inesploso
4748226;19;12/01/2020 23:45:00;Strada Urbana;VIA DI TORREVECCHIA;all'intersezione con;VIA SIMONE MOSCA;VIA SIMONE MOSCA;;;Scontro laterale fra veicoli in marcia;Incrocio;Una carreggiata a doppio senso;Asciutto;Asfaltata;Verticale ed orizzontale;Sereno;Scarso;Insufficiente;Insufficiente;0;0;0;5;12.4173;41.929;-1;1;Autovettura privata;In marcia / fermata / arresto;Passeggero;M;Illeso;0;;Non accertato;Inesploso
4748226;19;12/01/2020 23:45:00;Strada Urbana;VIA DI TORREVECCHIA;all'intersezione con;VIA SIMONE MOSCA;VIA SIMONE MOSCA;;;Scontro laterale fra veicoli in marcia;Incrocio;Una carreggiata a doppio senso;Asciutto;Asfaltata;Verticale ed orizzontale;Sereno;Scarso;Insufficiente;Insufficiente;0;0;0;5;12.4173;41.929;-1;2;Autovettura privata;In marcia / fermata / arresto;Conducente;M;Illeso;0;;Non accertato;Inesploso
4748226;19;12/01/2020 23:45:00;Strada Urbana;VIA DI TORREVECCHIA;all'intersezione con;VIA SIMONE MOSCA;VIA SIMONE MOSCA;;;Scontro laterale fra veicoli in marcia;Incrocio;Una carreggiata a doppio senso;Asciutto;Asfaltata;Verticale ed orizzontale;Sereno;Scarso;Insufficiente;Insufficiente;0;0;0;5;12.4173;41.929;-1;2;Autovettura privata;In marcia / fermata / arresto;Passeggero;M;Illeso;0;;Non accertato;Inesploso
4748227;7;11/01/2020 13:40:00;Strada Urbana;VIA CASILINA;in prossimità;;del civico n.;900;;Veicolo in marcia contro ostacolo fisso;Rettilineo;Una carreggiata a senso unico di marcia;Asciutto;Asfaltata;Verticale ed orizzontale;Sereno;Scarso;Buona;Ore Diurne;0;0;0;3;12.5695;41.8739;-1;1;Autovettura privata;In marcia / fermata / arresto;Conducente;M;Illeso;0;;Non accertato;Inesploso
4748227;7;11/01/2020 13:40:00;Strada Urbana;VIA CASILINA;in prossimità;;del civico n.;900;;Veicolo in marcia contro ostacolo fisso;Rettilineo;Una carreggiata a senso unico di marcia;Asciutto;Asfaltata;Verticale ed orizzontale;Sereno;Scarso;Buona;Ore Diurne;0;0;0;3;12.5695;41.8739;-1;2;Autovettura privata;In marcia / fermata / arresto;Conducente;M;Illeso;0;;Non accertato;Inesploso
4748227;7;11/01/2020 13:40:00;Strada Urbana;VIA CASILINA;in prossimità;;del civico n.;900;;Veicolo in marcia contro ostacolo fisso;Rettilineo;Una carreggiata a senso unico di marcia;Asciutto;Asfaltata;Verticale ed orizzontale;Sereno;Scarso;Buona;Ore Diurne;0;0;0;3;12.5695;41.8739;-1;2;Autovettura privata;In marcia / fermata / arresto;Passeggero;F;Illeso;0;;Non accertato;Inesploso
4748228;4;12/01/2020 12:00:00;Strada Urbana;VIA DELLA BUFALOTTA;in corrispondenza;;del civico n.;fc 246;;Scontro laterale fra veicoli in marcia;Rettilineo;Una carreggiata a doppio senso;Asciutto;Asfaltata;Orizzontale;Sereno;Normale;Buona;Ore Diurne;0;0;0;2;12.5499;41.9676;-1;1;Autobus di linea;In marcia / fermata / arresto;Conducente;M;Illeso;0;;;
4748228;4;12/01/2020 12:00:00;Strada Urbana;VIA DELLA BUFALOTTA;in corrispondenza;;del civico n.;fc 246;;Scontro laterale fra veicoli in marcia;Rettilineo;Una carreggiata a doppio senso;Asciutto;Asfaltata;Orizzontale;Sereno;Normale;Buona;Ore Diurne;0;0;0;2;12.5499;41.9676;-1;2;Autovettura privata;In marcia / fermata / arresto;Conducente;F;Illeso;0;;;
4748229;4;12/01/2020 20:15:00;Strada Urbana;VIA LUIGI CAPUANA;da specificare;;;;fronte civico 4;Investimento di pedone;Rettilineo;Due carreggiate;Asciutto;Asfaltata;Verticale ed orizzontale;Sereno;Normale;Buona;Sufficiente;0;1;0;1;12.5474;41.9446;-1;;;;Pedone;F;Prognosi riservata;0;NON DECEDUTO;;
4748229;4;12/01/2020 20:15:00;Strada Urbana;VIA LUIGI CAPUANA;da specificare;;;;fronte civico 4;Investimento di pedone;Rettilineo;Due carreggiate;Asciutto;Asfaltata;Verticale ed orizzontale;Sereno;Normale;Buona;Sufficiente;0;1;0;1;12.5474;41.9446;-1;1;Autovettura privata;In marcia / fermata / arresto;Conducente;M;Illeso;0;;Non accertato;Inesploso
4748236;11;11/01/2020 19:20:00;Strada Urbana;VIA ALESSANDRA MACINGHI STROZZI;da specificare;;;;prossimità civico 13 (distributore TTP);Veicolo in marcia contro veicolo fermo;Rettilineo;Una carreggiata a doppio senso;Asciutto;Asfaltata;Orizzontale;Sereno;Scarso;Buona;Sufficiente;0;0;0;2;12.49;41.8595;-1;1;Autovettura privata;In marcia / fermata / arresto;Conducente;M;Illeso;0;;;
4748236;11;11/01/2020 19:20:00;Strada Urbana;VIA ALESSANDRA MACINGHI STROZZI;da specificare;;;;prossimità civico 13 (distributore TTP);Veicolo in marcia contro veicolo fermo;Rettilineo;Una carreggiata a doppio senso;Asciutto;Asfaltata;Orizzontale;Sereno;Scarso;Buona;Sufficiente;0;0;0;2;12.49;41.8595;-1;2;Autovettura privata;In marcia / fermata / arresto;Conducente;F;Illeso;0;;Non accertato;
4748238;6;12/01/2020 11:00:00;Strada Urbana;VIA CASILINA;all'intersezione con;VIA ROMOLO BALZANI;VIA ROMOLO BALZANI;;;Investimento di pedone;Intersezione semaforizzata;Più di due carreggiate;Asciutto;Asfaltata;Verticale ed orizzontale;Sereno;Scarso;Buona;Ore Diurne;1;0;0;1;12.5544;41.8764;-1;;;;Pedone;F;Rimandato;0;NON DECEDUTO;;
4748238;6;12/01/2020 11:00:00;Strada Urbana;VIA CASILINA;all'intersezione con;VIA ROMOLO BALZANI;VIA ROMOLO BALZANI;;;Investimento di pedone;Intersezione semaforizzata;Più di due carreggiate;Asciutto;Asfaltata;Verticale ed orizzontale;Sereno;Scarso;Buona;Ore Diurne;1;0;0;1;12.5544;41.8764;-1;1;Autovettura privata;In marcia / fermata / arresto;Conducente;M;Illeso;0;;;
4748240;10;12/01/2020 18:00:00;Strada Urbana;VIA CAIO ATEIO CAPITONE;all'intersezione con;VIALE TITO LABIENO;VIALE TITO LABIENO;;;Scontro laterale fra veicoli in marcia;Incrocio;Una carreggiata a doppio senso;Asciutto;Asfaltata;Verticale ed orizzontale;Sereno;Scarso;Buona;Sufficiente;0;0;0;3;12.5631;41.85;-1;1;Autovettura privata;In marcia / fermata / arresto;Conducente;M;Illeso;0;;Non accertato;Inesploso
4748240;10;12/01/2020 18:00:00;Strada Urbana;VIA CAIO ATEIO CAPITONE;all'intersezione con;VIALE TITO LABIENO;VIALE TITO LABIENO;;;Scontro laterale fra veicoli in marcia;Incrocio;Una carreggiata a doppio senso;Asciutto;Asfaltata;Verticale ed orizzontale;Sereno;Scarso;Buona;Sufficiente;0;0;0;3;12.5631;41.85;-1;2;Autovettura privata;In marcia / fermata / arresto;Conducente;F;Illeso;0;;Non accertato;Inesploso
4748240;10;12/01/2020 18:00:00;Strada Urbana;VIA CAIO ATEIO CAPITONE;all'intersezione con;VIALE TITO LABIENO;VIALE TITO LABIENO;;;Scontro laterale fra veicoli in marcia;Incrocio;Una carreggiata a doppio senso;Asciutto;Asfaltata;Verticale ed orizzontale;Sereno;Scarso;Buona;Sufficiente;0;0;0;3;12.5631;41.85;-1;2;Autovettura privata;In marcia / fermata / arresto;Passeggero;M;Illeso;0;;Non accertato;Inesploso
4748245;19;12/01/2020 19:50:00;Strada Urbana;VIA DI TORREVECCHIA;all'intersezione con;VIA DELLA VALLE DEI FONTANILI;VIA DELLA VALLE DEI FONTANILI;;;Scontro frontale/laterale DX fra veicoli in marcia;Incrocio;Una carreggiata a doppio senso;Asciutto;Asfaltata;Verticale ed orizzontale;Sereno;Normale;Buona;Ore Diurne;0;0;0;4;12.4119;41.923;-1;1;Autovettura privata;In marcia / fermata / arresto;Conducente;M;Illeso;0;;;
4748245;19;12/01/2020 19:50:00;Strada Urbana;VIA DI TORREVECCHIA;all'intersezione con;VIA DELLA VALLE DEI FONTANILI;VIA DELLA VALLE DEI FONTANILI;;;Scontro frontale/laterale DX fra veicoli in marcia;Incrocio;Una carreggiata a doppio senso;Asciutto;Asfaltata;Verticale ed orizzontale;Sereno;Normale;Buona;Ore Diurne;0;0;0;4;12.4119;41.923;-1;1;Autovettura privata;In marcia / fermata / arresto;Passeggero;F;Illeso;0;;;
4748245;19;12/01/2020 19:50:00;Strada Urbana;VIA DI TORREVECCHIA;all'intersezione con;VIA DELLA VALLE DEI FONTANILI;VIA DELLA VALLE DEI FONTANILI;;;Scontro frontale/laterale DX fra veicoli in marcia;Incrocio;Una carreggiata a doppio senso;Asciutto;Asfaltata;Verticale ed orizzontale;Sereno;Normale;Buona;Ore Diurne;0;0;0;4;12.4119;41.923;-1;2;Autovettura privata;In marcia / fermata / arresto;Conducente;F;Illeso;0;;;
4748245;19;12/01/2020 19:50:00;Strada Urbana;VIA DI TORREVECCHIA;all'intersezione con;VIA DELLA VALLE DEI FONTANILI;VIA DELLA VALLE DEI FONTANILI;;;Scontro frontale/laterale DX fra veicoli in marcia;Incrocio;Una carreggiata a doppio senso;Asciutto;Asfaltata;Verticale ed orizzontale;Sereno;Normale;Buona;Ore Diurne;0;0;0;4;12.4119;41.923;-1;2;Autovettura privata;In marcia / fermata / arresto;Passeggero;M;Illeso;0;;;
4748246;11;12/01/2020 21:00:00;Strada Urbana;VIA GABRIELLO CHIABRERA;in prossimità;;del civico n.;4;;Scontro frontale/laterale DX fra veicoli in marcia;Rettilineo;Due carreggiate;Asciutto;Asfaltata;Verticale ed orizzontale;Sereno;Scarso;Buona;Sufficiente;0;0;0;3;12.4798;41.8564;-1;1;Autovettura privata;In marcia / fermata / arresto;Conducente;M;Illeso;0;;Non accertato;
4748246;11;12/01/2020 21:00:00;Strada Urbana;VIA GABRIELLO CHIABRERA;in prossimità;;del civico n.;4;;Scontro frontale/laterale DX fra veicoli in marcia;Rettilineo;Due carreggiate;Asciutto;Asfaltata;Verticale ed orizzontale;Sereno;Scarso;Buona;Sufficiente;0;0;0;3;12.4798;41.8564;-1;2;Autovettura privata;In marcia / fermata / arresto;Conducente;M;Illeso;0;;Non accertato;
4748246;11;12/01/2020 21:00:00;Strada Urbana;VIA GABRIELLO CHIABRERA;in prossimità;;del civico n.;4;;Scontro frontale/laterale DX fra veicoli in marcia;Rettilineo;Due carreggiate;Asciutto;Asfaltata;Verticale ed orizzontale;Sereno;Scarso;Buona;Sufficiente;0;0;0;3;12.4798;41.8564;-1;2;Autovettura privata;In marcia / fermata / arresto;Passeggero;F;Illeso;0;;Non accertato;
4748250;15;12/01/2020 17:00:00;Strada Urbana;VIA PIAN DUE TORRI;all'intersezione con;VIA LARI;VIA LARI;;;Scontro frontale/laterale SX fra veicoli in marcia;Incrocio;Una carreggiata a doppio senso;Asciutto;Asfaltata;Verticale ed orizzontale;Sereno;Normale;Sufficiente;Ore Diurne;2;0;0;3;12.4621;41.8496;-1;1;Autovettura privata;In marcia / fermata / arresto;Conducente;M;Illeso;0;;Utilizzato;Inesploso
4748250;15;12/01/2020 17:00:00;Strada Urbana;VIA PIAN DUE TORRI;all'intersezione con;VIA LARI;VIA LARI;;;Scontro frontale/laterale SX fra veicoli in marcia;Incrocio;Una carreggiata a doppio senso;Asciutto;Asfaltata;Verticale ed orizzontale;Sereno;Normale;Sufficiente;Ore Diurne;2;0;0;3;12.4621;41.8496;-1;1;Autovettura privata;In marcia / fermata / arresto;Passeggero;M;Illeso;0;;Utilizzato;Inesploso
4748250;15;12/01/2020 17:00:00;Strada Urbana;VIA PIAN DUE TORRI;all'intersezione con;VIA LARI;VIA LARI;;;Scontro frontale/laterale SX fra veicoli in marcia;Incrocio;Una carreggiata a doppio senso;Asciutto;Asfaltata;Verticale ed orizzontale;Sereno;Normale;Sufficiente;Ore Diurne;2;0;0;3;12.4621;41.8496;-1;1;Autovettura privata;In marcia / fermata / arresto;Passeggero;M;Illeso;0;;Utilizzato;Inesploso
4748250;15;12/01/2020 17:00:00;Strada Urbana;VIA PIAN DUE TORRI;all'intersezione con;VIA LARI;VIA LARI;;;Scontro frontale/laterale SX fra veicoli in marcia;Incrocio;Una carreggiata a doppio senso;Asciutto;Asfaltata;Verticale ed orizzontale;Sereno;Normale;Sufficiente;Ore Diurne;2;0;0;3;12.4621;41.8496;-1;2;Motociclo con passeggero;In marcia / fermata / arresto;Conducente;M;Rimandato;0;NON DECEDUTO;Utilizzato;
4748250;15;12/01/2020 17:00:00;Strada Urbana;VIA PIAN DUE TORRI;all'intersezione con;VIA LARI;VIA LARI;;;Scontro frontale/laterale SX fra veicoli in marcia;Incrocio;Una carreggiata a doppio senso;Asciutto;Asfaltata;Verticale ed orizzontale;Sereno;Normale;Sufficiente;Ore Diurne;2;0;0;3;12.4621;41.8496;-1;2;Motociclo con passeggero;In marcia / fermata / arresto;Passeggero;F;Ricoverato;0;NON DECEDUTO;Utilizzato;
4748251;17;12/01/2020 08:40:00;Strada Urbana;PIAZZALE MARESCIALLO GIARDINO;all'intersezione semaforizzata con;LUNGOTEVERE MARESCIALLO CADORNA;LUNGOTEVERE MARESCIALLO CADORNA;;;Veicolo in marcia contro veicolo fermo;Intersezione semaforizzata;Una carreggiata a senso unico di marcia;Asciutto;Asfaltata;Verticale ed orizzontale;Sereno;Scarso;Insufficiente;Ore Diurne;0;0;0;3;12.4586;41.9241;-1;1;Autovettura privata;In marcia / fermata / arresto;Conducente;M;Illeso;0;;;
4748251;17;12/01/2020 08:40:00;Strada Urbana;PIAZZALE MARESCIALLO GIARDINO;all'intersezione semaforizzata con;LUNGOTEVERE MARESCIALLO CADORNA;LUNGOTEVERE MARESCIALLO CADORNA;;;Veicolo in marcia contro veicolo fermo;Intersezione semaforizzata;Una carreggiata a senso unico di marcia;Asciutto;Asfaltata;Verticale ed orizzontale;Sereno;Scarso;Insufficiente;Ore Diurne;0;0;0;3;12.4586;41.9241;-1;1;Autovettura privata;In marcia / fermata / arresto;Passeggero;F;Illeso;0;;;
4748251;17;12/01/2020 08:40:00;Strada Urbana;PIAZZALE MARESCIALLO GIARDINO;all'intersezione semaforizzata con;LUNGOTEVERE MARESCIALLO CADORNA;LUNGOTEVERE MARESCIALLO CADORNA;;;Veicolo in marcia contro veicolo fermo;Intersezione semaforizzata;Una carreggiata a senso unico di marcia;Asciutto;Asfaltata;Verticale ed orizzontale;Sereno;Scarso;Insufficiente;Ore Diurne;0;0;0;3;12.4586;41.9241;-1;2;Autocarro superiore 35 q.;In marcia / fermata / arresto;Conducente;M;Illeso;0;;;
4748259;4;11/01/2020 11:10:00;Strada Urbana;VIA DELLE ISOLE CURZOLANE;da specificare;;;;altezza via Canda;Scontro frontale/laterale DX fra veicoli in marcia;Rettilineo;Due carreggiate;Asciutto;Asfaltata;Verticale ed orizzontale;Sereno;Normale;Buona;Ore Diurne;0;0;0;2;12.532;41.9488;-1;1;Autovettura privata;In marcia / fermata / arresto;Conducente;M;Illeso;0;;Non accertato;Inesploso
4748259;4;11/01/2020 11:10:00;Strada Urbana;VIA DELLE ISOLE CURZOLANE;da specificare;;;;altezza via Canda;Scontro frontale/laterale DX fra veicoli in marcia;Rettilineo;Due carreggiate;Asciutto;Asfaltata;Verticale ed orizzontale;Sereno;Normale;Buona;Ore Diurne;0;0;0;2;12.532;41.9488;-1;2;Motociclo a solo;In marcia / fermata / arresto;Conducente;M;Illeso;0;;Non accertato;
4748261;13;12/01/2020 10:20:00;Strada Urbana;PIAZZA DI CASTEL FUSANO;all'intersezione con;VIALE DELLA VILLA DI PLINIO;VIALE DELLA VILLA DI PLINIO;;;Scontro frontale/laterale SX fra veicoli in marcia;Incrocio;Una carreggiata a doppio senso;Asciutto;Asfaltata;Assente;Sereno;Normale;Buona;Ore Diurne;0;0;0;3;12.3141;41.734;-1;1;Autovettura privata;In marcia / fermata / arresto;Conducente;M;Illeso;0;;Non accertato;Inesploso
4748261;13;12/01/2020 10:20:00;Strada Urbana;PIAZZA DI CASTEL FUSANO;all'intersezione con;VIALE DELLA VILLA DI PLINIO;VIALE DELLA VILLA DI PLINIO;;;Scontro frontale/laterale SX fra veicoli in marcia;Incrocio;Una carreggiata a doppio senso;Asciutto;Asfaltata;Assente;Sereno;Normale;Buona;Ore Diurne;0;0;0;3;12.3141;41.734;-1;1;Autovettura privata;In marcia / fermata / arresto;Passeggero;F;Illeso;0;;Non accertato;Inesploso
4748261;13;12/01/2020 10:20:00;Strada Urbana;PIAZZA DI CASTEL FUSANO;all'intersezione con;VIALE DELLA VILLA DI PLINIO;VIALE DELLA VILLA DI PLINIO;;;Scontro frontale/laterale SX fra veicoli in marcia;Incrocio;Una carreggiata a doppio senso;Asciutto;Asfaltata;Assente;Sereno;Normale;Buona;Ore Diurne;0;0;0;3;12.3141;41.734;-1;2;Velocipede;In marcia / fermata / arresto;Conducente;M;Illeso;0;;Esente;
4748262;20;12/01/2020 22:00:00;Regionale entro l'abitato;VIA CASSIA;all'intersezione con;VIA VINCENZO TIERI;VIA VINCENZO TIERI;;;Scontro frontale/laterale SX fra veicoli in marcia;Intersezione semaforizzata;Una carreggiata a doppio senso;Asciutto;Asfaltata;Verticale ed orizzontale;Sereno;Scarso;Buona;Sufficiente;0;0;0;5;12.4137;41.9828;-1;1;Autovettura privata;In marcia / fermata / arresto;Conducente;F;Illeso;0;;;
4748262;20;12/01/2020 22:00:00;Regionale entro l'abitato;VIA CASSIA;all'intersezione con;VIA VINCENZO TIERI;VIA VINCENZO TIERI;;;Scontro frontale/laterale SX fra veicoli in marcia;Intersezione semaforizzata;Una carreggiata a doppio senso;Asciutto;Asfaltata;Verticale ed orizzontale;Sereno;Scarso;Buona;Sufficiente;0;0;0;5;12.4137;41.9828;-1;1;Autovettura privata;In marcia / fermata / arresto;Passeggero;F;Illeso;0;;;
4748262;20;12/01/2020 22:00:00;Regionale entro l'abitato;VIA CASSIA;all'intersezione con;VIA VINCENZO TIERI;VIA VINCENZO TIERI;;;Scontro frontale/laterale SX fra veicoli in marcia;Intersezione semaforizzata;Una carreggiata a doppio senso;Asciutto;Asfaltata;Verticale ed orizzontale;Sereno;Scarso;Buona;Sufficiente;0;0;0;5;12.4137;41.9828;-1;2;Autovettura privata;In marcia / fermata / arresto;Conducente;M;Illeso;0;;;
4748262;20;12/01/2020 22:00:00;Regionale entro l'abitato;VIA CASSIA;all'intersezione con;VIA VINCENZO TIERI;VIA VINCENZO TIERI;;;Scontro frontale/laterale SX fra veicoli in marcia;Intersezione semaforizzata;Una carreggiata a doppio senso;Asciutto;Asfaltata;Verticale ed orizzontale;Sereno;Scarso;Buona;Sufficiente;0;0;0;5;12.4137;41.9828;-1;2;Autovettura privata;In marcia / fermata / arresto;Passeggero;M;Illeso;0;;;
4748262;20;12/01/2020 22:00:00;Regionale entro l'abitato;VIA CASSIA;all'intersezione con;VIA VINCENZO TIERI;VIA VINCENZO TIERI;;;Scontro frontale/laterale SX fra veicoli in marcia;Intersezione semaforizzata;Una carreggiata a doppio senso;Asciutto;Asfaltata;Verticale ed orizzontale;Sereno;Scarso;Buona;Sufficiente;0;0;0;5;12.4137;41.9828;-1;2;Autovettura privata;In marcia / fermata / arresto;Passeggero;M;Illeso;0;;;