Protocollo;Gruppo;DataOraIncidente;Localizzazione1;STRADA1;Localizzazione2;STRADA2;Strada02;Chilometrica;DaSpecificare;NaturaIncidente;particolaritastrade;TipoStrada;FondoStradale;Pavimentazione;Segnaletica;CondizioneAtmosferica;Traffico;Visibilita;Illuminazione;NUM_FERITI;NUM_RISERVATA;NUM_MORTI;NUM_ILLESI;Longitude;Latitude;Confermato;Progressivo;TipoVeicolo;StatoVeicolo;TipoPersona;Sesso;Tipolesione;Deceduto;DecedutoDopo;CinturaCascoUtilizzato;Airbag;
4751725;8;14/01/2020 20:00:00;Strada Urbana;VIA PRENESTINA;in prossimità;;del civico n.;1153;;Veicolo in marcia contro veicoli in sosta;Rettilineo;Una carreggiata a doppio senso;Asciutto;Asfaltata;Orizzontale;Sereno;Normale;Buona;Insufficiente;1;0;0;0;12.6254;41.8934;-1;3;Autocarro inferiore 35 q.;Sosta;;;;;;;
4751732;5;14/01/2020 08:15:00;Strada Urbana;VIALE PALMIRO TOGLIATTI;da specificare;;;;PROSSIMITA' CIV 1505 ALT. PARCHEGGIO CENTRALE;Scontro laterale fra veicoli in marcia;Rettilineo;Due carreggiate;Asciutto;Asfaltata;Verticale ed orizzontale;Sereno;Normale;Buona;Ore Diurne;0;0;0;3;12.5704;41.9135;-1;1;Autovettura privata;In marcia / fermata / arresto;Conducente;M;Illeso;0;;Non accertato;Inesploso
4751732;5;14/01/2020 08:15:00;Strada Urbana;VIALE PALMIRO TOGLIATTI;da specificare;;;;PROSSIMITA' CIV 1505 ALT. PARCHEGGIO CENTRALE;Scontro laterale fra veicoli in marcia;Rettilineo;Due carreggiate;Asciutto;Asfaltata;Verticale ed orizzontale;Sereno;Normale;Buona;Ore Diurne;0;0;0;3;12.5704;41.9135;-1;2;Autovettura privata;In marcia / fermata / arresto;Conducente;M;Illeso;0;;Non accertato;Inesploso
4751732;5;14/01/2020 08:15:00;Strada Urbana;VIALE PALMIRO TOGLIATTI;da specificare;;;;PROSSIMITA' CIV 1505 ALT. PARCHEGGIO CENTRALE;Scontro laterale fra veicoli in marcia;Rettilineo;Due carreggiate;Asciutto;Asfaltata;Verticale ed orizzontale;Sereno;Normale;Buona;Ore Diurne;0;0;0;3;12.5704;41.9135;-1;2;Autovettura privata;In marcia / fermata / arresto;Passeggero;M;Illeso;0;;;
4751733;4;14/01/2020 06:30:00;Strada Urbana;VIADOTTO SANDRO PERTINI;da specificare;;;;200 m prima rampa via monte Giberto;Veicolo in marcia contro ostacolo fisso;Rettilineo;Due carreggiate;Bagnato (brina);Asfaltata;Orizzontale;Sereno;Normale;Buona;Ore Diurne;0;0;0;1;12.5406;41.9204;-1;1;Autovettura privata;In marcia / fermata / arresto;Conducente;M;Illeso;0;;;
4751741;5;14/01/2020 12:10:00;Strada Urbana;VIA TIBURTINA;in prossimità;;del civico n.;724;;Tamponamento;Rettilineo;Due carreggiate;Asciutto;Asfaltata;Verticale ed orizzontale;Sereno;Normale;Buona;Ore Diurne;1;0;0;1;12.5522;41.9115;-1;1;Autovettura privata;In marcia / fermata / arresto;Conducente;M;Illeso;0;;Non accertato;Inesploso
4751741;5;14/01/2020 12:10:00;Strada Urbana;VIA TIBURTINA;in prossimità;;del civico n.;724;;Tamponamento;Rettilineo;Due carreggiate;Asciutto;Asfaltata;Verticale ed orizzontale;Sereno;Normale;Buona;Ore Diurne;1;0;0;1;12.5522;41.9115;-1;2;Autovettura privata;In marcia / fermata / arresto;Conducente;M;Rimandato;0;NON DECEDUTO;Non accertato;Inesploso
4751746;5;14/01/2020 13:50:00;Strada Urbana;VIALE DELLA SERENISSIMA;da specificare;;;;ponte ferrovia dir. via Tiburtina;Tamponamento;Rettilineo;Due carreggiate;Asciutto;Asfaltata;Orizzontale;Sereno;Normale;Buona;Ore Diurne;0;0;0;3;12.5579;41.8999;-1;1;Autovettura privata;In marcia / fermata / arresto;Conducente;F;Illeso;0;;Non accertato;Esploso
4751746;5;14/01/2020 13:50:00;Strada Urbana;VIALE DELLA SERENISSIMA;da specificare;;;;ponte ferrovia dir. via Tiburtina;Tamponamento;Rettilineo;Due carreggiate;Asciutto;Asfaltata;Orizzontale;Sereno;Normale;Buona;Ore Diurne;0;0;0;3;12.5579;41.8999;-1;2;Autovettura privata;In marcia / fermata / arresto;Conducente;F;Illeso;0;;Non accertato;Inesploso
4751746;5;14/01/2020 13:50:00;Strada Urbana;VIALE DELLA SERENISSIMA;da specificare;;;;ponte ferrovia dir. via Tiburtina;Tamponamento;Rettilineo;Due carreggiate;Asciutto;Asfaltata;Orizzontale;Sereno;Normale;Buona;Ore Diurne;0;0;0;3;12.5579;41.8999;-1;2;Autovettura privata;In marcia / fermata / arresto;Passeggero;F;Illeso;0;;Non accertato;Inesploso
4751747;8;14/01/2020 08:05:00;Strada Urbana;VIA DELL'AQUILA REALE;all'intersezione con;VIA DELLE RONDINI;VIA DELLE RONDINI;;;Scontro frontale/laterale DX fra veicoli in marcia;Incrocio;Due carreggiate;Asciutto;Asfaltata;Verticale ed orizzontale;Sereno;Normale;Buona;Ore Diurne;1;0;0;3;12.5962;41.8644;-1;1;Autovettura privata;In marcia / fermata / arresto;Conducente;M;Rifiuta cure immediate;0;NON DECEDUTO;;Esploso
4751747;8;14/01/2020 08:05:00;Strada Urbana;VIA DELL'AQUILA REALE;all'intersezione con;VIA DELLE RONDINI;VIA DELLE RONDINI;;;Scontro frontale/laterale DX fra veicoli in marcia;Incrocio;Due carreggiate;Asciutto;Asfaltata;Verticale ed orizzontale;Sereno;Normale;Buona;Ore Diurne;1;0;0;3;12.5962;41.8644;-1;1;Autovettura privata;In marcia / fermata / arresto;Passeggero;F;Illeso;0;;;
4751747;8;14/01/2020 08:05:00;Strada Urbana;VIA DELL'AQUILA REALE;all'intersezione con;VIA DELLE RONDINI;VIA DELLE RONDINI;;;Scontro frontale/laterale DX fra veicoli in marcia;Incrocio;Due carreggiate;Asciutto;Asfaltata;Verticale ed orizzontale;Sereno;Normale;Buona;Ore Diurne;1;0;0;3;12.5962;41.8644;-1;1;Autovettura privata;In marcia / fermata / arresto;Passeggero;F;Illeso;0;;;
4751747;8;14/01/2020 08:05:00;Strada Urbana;VIA DELL'AQUILA REALE;all'intersezione con;VIA DELLE RONDINI;VIA DELLE RONDINI;;;Scontro frontale/laterale DX fra veicoli in marcia;Incrocio;Due carreggiate;Asciutto;Asfaltata;Verticale ed orizzontale;Sereno;Normale;Buona;Ore Diurne;1;0;0;3;12.5962;41.8644;-1;2;Autovettura privata;In marcia / fermata / arresto;Conducente;M;Illeso;0;;;
4751747;8;14/01/2020 08:05:00;Strada Urbana;VIA DELL'AQUILA REALE;all'intersezione con;VIA DELLE RONDINI;VIA DELLE RONDINI;;;Scontro frontale/laterale DX fra veicoli in marcia;Incrocio;Due carreggiate;Asciutto;Asfaltata;Verticale ed orizzontale;Sereno;Normale;Buona;Ore Diurne;1;0;0;3;12.5962;41.8644;-1;3;Autovettura privata;Sosta;;;;;;;
4751751;8;14/01/2020 08:00:00;Strada Urbana;VIA DI TOR BELLA MONACA;all'intersezione con;VIA CASILINA;VIA CASILINA;;;Scontro laterale fra veicoli in marcia;Incrocio;Due carreggiate;Asciutto;Asfaltata;Verticale ed orizzontale;Sereno;Intenso;Buona;Ore Diurne;0;0;0;4;12.6281;41.8764;0;1;Motrice;In marcia / fermata / arresto;Conducente;M;Illeso;0;;;
4751751;8;14/01/2020 08:00:00;Strada Urbana;VIA DI TOR BELLA MONACA;all'intersezione con;VIA CASILINA;VIA CASILINA;;;Scontro laterale fra veicoli in marcia;Incrocio;Due carreggiate;Asciutto;Asfaltata;Verticale ed orizzontale;Sereno;Intenso;Buona;Ore Diurne;0;0;0;4;12.6281;41.8764;0;2;Autovettura privata;In marcia / fermata / arresto;Conducente;F;Illeso;0;;;
4751751;8;14/01/2020 08:00:00;Strada Urbana;VIA DI TOR BELLA MONACA;all'intersezione con;VIA CASILINA;VIA CASILINA;;;Scontro laterale fra veicoli in marcia;Incrocio;Due carreggiate;Asciutto;Asfaltata;Verticale ed orizzontale;Sereno;Intenso;Buona;Ore Diurne;0;0;0;4;12.6281;41.8764;0;2;Autovettura privata;In marcia / fermata / arresto;Passeggero;F;Illeso;0;;;
4751753;5;14/01/2020 13:10:00;Strada Urbana;VIA DI PORTONACCIO;da specificare;;;;fronte civico 158;Scontro laterale fra veicoli in marcia;Rettilineo;Due carreggiate;Asciutto;Asfaltata;Verticale ed orizzontale;Sereno;Normale;Buona;Ore Diurne;0;0;0;2;12.5384;41.8985;-1;1;Autovettura privata;In marcia / fermata / arresto;Conducente;M;Illeso;0;;Non accertato;Inesploso
4751753;5;14/01/2020 13:10:00;Strada Urbana;VIA DI PORTONACCIO;da specificare;;;;fronte civico 158;Scontro laterale fra veicoli in marcia;Rettilineo;Due carreggiate;Asciutto;Asfaltata;Verticale ed orizzontale;Sereno;Normale;Buona;Ore Diurne;0;0;0;2;12.5384;41.8985;-1;2;Autovettura privata;In marcia / fermata / arresto;Conducente;M;Illeso;0;;Non accertato;Inesploso
4751757;8;14/01/2020 15:25:00;Strada Urbana;VIA VILLABATE;all'intersezione con;VIA SAN BIAGIO PLATANI;VIA SAN BIAGIO PLATANI;;;Investimento di pedone;Incrocio;Una carreggiata a doppio senso;Asciutto;Asfaltata;Verticale ed orizzontale;Sereno;Normale;Buona;Ore Diurne;1;0;0;1;12.6517;41.8694;-1;;;;Pedone;F;Ricoverato;0;NON DECEDUTO;;
4751757;8;14/01/2020 15:25:00;Strada Urbana;VIA VILLABATE;all'intersezione con;VIA SAN BIAGIO PLATANI;VIA SAN BIAGIO PLATANI;;;Investimento di pedone;Incrocio;Una carreggiata a doppio senso;Asciutto;Asfaltata;Verticale ed orizzontale;Sereno;Normale;Buona;Ore Diurne;1;0;0;1;12.6517;41.8694;-1;1;Autovettura privata;In marcia / fermata / arresto;Conducente;M;Illeso;0;;;
4751758;5;14/01/2020 13:45:00;Strada Urbana;VIA SAMBUCI;all'intersezione con;VIA MARCELLINA;VIA MARCELLINA;;;Scontro frontale/laterale SX fra veicoli in marcia;Incrocio;Una carreggiata a doppio senso;Asciutto;Asfaltata;Assente;Sereno;Normale;Buona;Ore Diurne;0;0;0;2;12.6113;41.9377;-1;1;Autocarro inferiore 35 q.;In marcia / fermata / arresto;Conducente;M;Illeso;0;;Non accertato;Inesploso
4751758;5;14/01/2020 13:45:00;Strada Urbana;VIA SAMBUCI;all'intersezione con;VIA MARCELLINA;VIA MARCELLINA;;;Scontro frontale/laterale SX fra veicoli in marcia;Incrocio;Una carreggiata a doppio senso;Asciutto;Asfaltata;Assente;Sereno;Normale;Buona;Ore Diurne;0;0;0;2;12.6113;41.9377;-1;2;Autovettura privata;In marcia / fermata / arresto;Conducente;F;Illeso;0;;Non accertato;Inesploso
4751760;8;14/01/2020 11:55:00;Strada Urbana;VIA DEL FOSSO DELL'OSA;in prossimità;;del civico n.;360;;Infortunio per sola frenata improvvisa;Rettilineo;Una carreggiata a doppio senso;Asciutto;Asfaltata;Orizzontale;Sereno;Normale;Buona;Ore Diurne;1;0;0;1;12.6851;41.9029;-1;1;Autovettura privata;In marcia / fermata / arresto;Conducente;M;Illeso;0;;Non accertato;Inesploso
4751760;8;14/01/2020 11:55:00;Strada Urbana;VIA DEL FOSSO DELL'OSA;in prossimità;;del civico n.;360;;Infortunio per sola frenata improvvisa;Rettilineo;Una carreggiata a doppio senso;Asciutto;Asfaltata;Orizzontale;Sereno;Normale;Buona;Ore Diurne;1;0;0;1;12.6851;41.9029;-1;2;Motociclo a solo;In marcia / fermata / arresto;Conducente;M;Rifiuta cure immediate;0;NON DECEDUTO;Non accertato;
4751762;8;14/01/2020 07:40:00;Strada Urbana;VIALE DI TORRE MAURA;da specificare;;;;fronte capolinea Atac;Veicolo in marcia contro ostacolo accidentale;Rettilineo;Una carreggiata a senso unico di marcia;Asciutto;Asfaltata;Verticale ed orizzontale;Sereno;Normale;Buona;Ore Diurne;1;0;0;0;12.5921;41.8603;0;1;Motociclo a solo;In marcia / fermata / arresto;Conducente;M;Rimandato;0;NON DECEDUTO;;
4751765;5;14/01/2020 18:10:00;Strada Urbana;VIA TIBURTINA;in prossimità;;del civico n.;390;;Investimento di pedone;Rettilineo;Più di due carreggiate;Asciutto;Asfaltata;Verticale ed orizzontale;Sereno;Normale;Sufficiente;Sufficiente;2;0;0;1;12.5368;41.9085;-1;;;;Pedone;M;Rimandato;0;NON DECEDUTO;;
4751765;5;14/01/2020 18:10:00;Strada Urbana;VIA TIBURTINA;in prossimità;;del civico n.;390;;Investimento di pedone;Rettilineo;Più di due carreggiate;Asciutto;Asfaltata;Verticale ed orizzontale;Sereno;Normale;Sufficiente;Sufficiente;2;0;0;1;12.5368;41.9085;-1;;;;Pedone;F;Rimandato;0;NON DECEDUTO;;
4751765;5;14/01/2020 18:10:00;Strada Urbana;VIA TIBURTINA;in prossimità;;del civico n.;390;;Investimento di pedone;Rettilineo;Più di due carreggiate;Asciutto;Asfaltata;Verticale ed orizzontale;Sereno;Normale;Sufficiente;Sufficiente;2;0;0;1;12.5368;41.9085;-1;1;Autovettura privata;In marcia / fermata / arresto;Conducente;M;Illeso;0;;Non accertato;
4751778;4;14/01/2020 08:30:00;Strada Urbana;VIA SCARPANTO;all'intersezione con;VIA VENTOTENE;VIA VENTOTENE;;;Scontro frontale/laterale DX fra veicoli in marcia;Incrocio;Due carreggiate;Asciutto;Asfaltata;Verticale ed orizzontale;Sereno;Normale;Buona;Ore Diurne;2;0;0;0;12.5275;41.9476;-1;1;Motociclo a solo;In marcia / fermata / arresto;Conducente;M;Rimandato;0;NON DECEDUTO;;
4751778;4;14/01/2020 08:30:00;Strada Urbana;VIA SCARPANTO;all'intersezione con;VIA VENTOTENE;VIA VENTOTENE;;;Scontro frontale/laterale DX fra veicoli in marcia;Incrocio;Due carreggiate;Asciutto;Asfaltata;Verticale ed orizzontale;Sereno;Normale;Buona;Ore Diurne;2;0;0;0;12.5275;41.9476;-1;2;Autovettura privata;In marcia / fermata / arresto;Conducente;F;Rimandato;0;NON DECEDUTO;Non accertato;Esploso
4751783;1;14/01/2020 20:00:00;Strada Urbana;PIAZZA DI PORTA S. PAOLO;all'intersezione con;VIA MARMORATA;VIA MARMORATA;;;Scontro laterale fra veicoli in marcia;Incrocio;Una carreggiata a senso unico di marcia;Asciutto;Asfaltata;Verticale ed orizzontale;Sereno;Normale;Sufficiente;Sufficiente;1;0;0;1;12.481;41.8771;-1;1;Autovettura privata;In marcia / fermata / arresto;Conducente;M;Illeso;0;;Non accertato;Inesploso
4751783;1;14/01/2020 20:00:00;Strada Urbana;PIAZZA DI PORTA S. PAOLO;all'intersezione con;VIA MARMORATA;VIA MARMORATA;;;Scontro laterale fra veicoli in marcia;Incrocio;Una carreggiata a senso unico di marcia;Asciutto;Asfaltata;Verticale ed orizzontale;Sereno;Normale;Sufficiente;Sufficiente;1;0;0;1;12.481;41.8771;-1;2;Motociclo a solo;In marcia / fermata / arresto;Conducente;M;Rimandato;0;NON DECEDUTO;Non accertato;
4751789;5;14/01/2020 18:15:00;Strada Urbana;VIA DEL CASALE DI S. BASILIO;all'intersezione con;VIA NICOLA MARIA NICOLAI;VIA NICOLA MARIA NICOLAI;;;Scontro laterale fra veicoli in marcia;Incrocio;Due carreggiate;Asciutto;Asfaltata;Verticale ed orizzontale;Sereno;Normale;Buona;Sufficiente;0;0;0;2;12.5689;41.9445;-1;1;Motociclo a solo;In marcia / fermata / arresto;Conducente;M;Illeso;0;;;
4751789;5;14/01/2020 18:15:00;Strada Urbana;VIA DEL CASALE DI S. BASILIO;all'intersezione con;VIA NICOLA MARIA NICOLAI;VIA NICOLA MARIA NICOLAI;;;Scontro laterale fra veicoli in marcia;Incrocio;Due carreggiate;Asciutto;Asfaltata;Verticale ed orizzontale;Sereno;Normale;Buona;Sufficiente;0;0;0;2;12.5689;41.9445;-1;2;Autovettura privata;In marcia / fermata / arresto;Conducente;M;Illeso;0;;Non accertato;Inesploso
4751792;6;14/01/2020 15:30:00;Strada Urbana;VIA CASILINA;all'intersezione con;VIA DEI GORDIANI;VIA DEI GORDIANI;;;Scontro frontale/laterale DX fra veicoli in marcia;Incrocio;Due carreggiate;Asciutto;Asfaltata;Orizzontale;Sereno;Normale;Sufficiente;Ore Diurne;0;0;0;4;12.5522;41.8771;-1;1;Autovettura privata;In marcia / fermata / arresto;Conducente;M;Illeso;0;;Non accertato;Inesploso
4751792;6;14/01/2020 15:30:00;Strada Urbana;VIA CASILINA;all'intersezione con;VIA DEI GORDIANI;VIA DEI GORDIANI;;;Scontro frontale/laterale DX fra veicoli in marcia;Incrocio;Due carreggiate;Asciutto;Asfaltata;Orizzontale;Sereno;Normale;Sufficiente;Ore Diurne;0;0;0;4;12.5522;41.8771;-1;2;Autocarro inferiore 35 q.;In marcia / fermata / arresto;Conducente;M;Illeso;0;;Non accertato;Inesploso
4751792;6;14/01/2020 15:30:00;Strada Urbana;VIA CASILINA;all'intersezione con;VIA DEI GORDIANI;VIA DEI GORDIANI;;;Scontro frontale/laterale DX fra veicoli in marcia;Incrocio;Due carreggiate;Asciutto;Asfaltata;Orizzontale;Sereno;Normale;Sufficiente;Ore Diurne;0;0;0;4;12.5522;41.8771;-1;2;Autocarro inferiore 35 q.;In marcia / fermata / arresto;Passeggero;M;Illeso;0;;Non accertato;Inesploso
4751792;6;14/01/2020 15:30:00;Strada Urbana;VIA CASILINA;all'intersezione con;VIA DEI GORDIANI;VIA DEI GORDIANI;;;Scontro frontale/laterale DX fra veicoli in marcia;Incrocio;Due carreggiate;Asciutto;Asfaltata;Orizzontale;Sereno;Normale;Sufficiente;Ore Diurne;0;0;0;4;12.5522;41.8771;-1;2;Autocarro inferiore 35 q.;In marcia / fermata / arresto;Passeggero;M;Illeso;0;;Non accertato;Inesploso
4751793;4;14/01/2020 07:25:00;Strada Urbana;VIA UGO OJETTI;in corrispondenza;;del civico n.;141;;Scontro laterale fra veicoli in marcia;Rettilineo;Due carreggiate;Asciutto;Asfaltata;Verticale ed orizzontale;Sereno;Normale;Buona;Ore Diurne;0;0;0;2;12.551;41.9446;-1;1;Autovettura privata;In marcia / fermata / arresto;Conducente;M;Illeso;0;;Non accertato;Inesploso
4751793;4;14/01/2020 07:25:00;Strada Urbana;VIA UGO OJETTI;in corrispondenza;;del civico n.;141;;Scontro laterale fra veicoli in marcia;Rettilineo;Due carreggiate;Asciutto;Asfaltata;Verticale ed orizzontale;Sereno;Normale;Buona;Ore Diurne;0;0;0;2;12.551;41.9446;-1;2;Autocarro superiore 35 q.;In marcia / fermata / arresto;Conducente;M;Illeso;0;;Non accertato;Inesploso
4751799;20;14/01/2020 15:25:00;Strada Urbana;PIAZZA DI SAXA RUBRA;in corrispondenza;;del civico n.;2;;Investimento di pedone;Rotatoria;Una carreggiata a senso unico di marcia;Asciutto;Asfaltata;Assente;Sereno;Normale;Sufficiente;Ore Diurne;1;0;0;1;12.4823;41.9057;-1;;;;Pedone;M;Rimandato;0;NON DECEDUTO;;
4751799;20;14/01/2020 15:25:00;Strada Urbana;PIAZZA DI SAXA RUBRA;in corrispondenza;;del civico n.;2;;Investimento di pedone;Rotatoria;Una carreggiata a senso unico di marcia;Asciutto;Asfaltata;Assente;Sereno;Normale;Sufficiente;Ore Diurne;1;0;0;1;12.4823;41.9057;-1;1;Autovettura privata;In marcia / fermata / arresto;Conducente;M;Illeso;0;;Non accertato;Inesploso
4751809;7;14/01/2020 08:40:00;Strada Urbana;VIA DI TOR TRE TESTE;in corrispondenza;;del palo luce n.;103;;Veicolo in marcia contro ostacolo fisso;Rettilineo;Una carreggiata a doppio senso;Asciutto;Asfaltata;Orizzontale;Sereno;Normale;Buona;Ore Diurne;1;0;0;0;12.5917;41.8811;-1;1;Autovettura privata;In marcia / fermata / arresto;Conducente;F;Rimandato;0;NON DECEDUTO;Non accertato;Inesploso
4751812;20;14/01/2020 09:00:00;Strada Urbana;PIAZZALE DI PONTE MILVIO;all'intersezione semaforizzata con;PIAZZALE MARESCIALLO DIAZ;PIAZZALE MARESCIALLO DIAZ;;;Veicolo in marcia contro ostacolo accidentale;Intersezione semaforizzata;Una carreggiata a senso unico di marcia;Asciutto;Asfaltata;Verticale ed orizzontale;Sereno;Normale;Buona;Ore Diurne;0;0;0;1;12.4664;41.9373;-1;1;Motociclo a solo;In marcia / fermata / arresto;Conducente;M;Illeso;0;;Non accertato;
4751817;20;14/01/2020 19:45:00;Strada Urbana;CORSO DI FRANCIA;in prossimità;;del civico n.;228;;Scontro laterale fra veicoli in marcia;Rettilineo;Una carreggiata a senso unico di marcia;Asciutto;Asfaltata;Verticale ed orizzontale;Sereno;Normale;Buona;Sufficiente;0;0;0;4;12.4704;41.9478;-1;1;Autovettura privata;In marcia / fermata / arresto;Conducente;F;Illeso;0;;;
4751817;20;14/01/2020 19:45:00;Strada Urbana;CORSO DI FRANCIA;in prossimità;;del civico n.;228;;Scontro laterale fra veicoli in marcia;Rettilineo;Una carreggiata a senso unico di marcia;Asciutto;Asfaltata;Verticale ed orizzontale;Sereno;Normale;Buona;Sufficiente;0;0;0;4;12.4704;41.9478;-1;1;Autovettura privata;In marcia / fermata / arresto;Passeggero;F;Illeso;0;;;
4751817;20;14/01/2020 19:45:00;Strada Urbana;CORSO DI FRANCIA;in prossimità;;del civico n.;228;;Scontro laterale fra veicoli in marcia;Rettilineo;Una carreggiata a senso unico di marcia;Asciutto;Asfaltata;Verticale ed orizzontale;Sereno;Normale;Buona;Sufficiente;0;0;0;4;12.4704;41.9478;-1;2;Autovettura privata;In marcia / fermata / arresto;Conducente;M;Illeso;0;;;
4751817;20;14/01/2020 19:45:00;Strada Urbana;CORSO DI FRANCIA;in prossimità;;del civico n.;228;;Scontro laterale fra veicoli in marcia;Rettilineo;Una carreggiata a senso unico di marcia;Asciutto;Asfaltata;Verticale ed orizzontale;Sereno;Normale;Buona;Sufficiente;0;0;0;4;12.4704;41.9478;-1;2;Autovettura privata;In marcia / fermata / arresto;Passeggero;M;Illeso;0;;;
4751831;20;14/01/2020 18:20:00;Strada Urbana;VIA FORNACE VIGNOLO;da specificare;;;;altezza rotatoria direzione Labaro;Scontro laterale fra veicoli in marcia;Rotatoria;Una carreggiata a senso unico di marcia;Asciutto;Asfaltata;Verticale ed orizzontale;Sereno;Normale;Sufficiente;Insufficiente;0;0;0;3;12.5041;41.9916;-1;1;Autovettura privata;In marcia / fermata / arresto;Conducente;F;Illeso;0;;Non accertato;Inesploso
4751831;20;14/01/2020 18:20:00;Strada Urbana;VIA FORNACE VIGNOLO;da specificare;;;;altezza rotatoria direzione Labaro;Scontro laterale fra veicoli in marcia;Rotatoria;Una carreggiata a senso unico di marcia;Asciutto;Asfaltata;Verticale ed orizzontale;Sereno;Normale;Sufficiente;Insufficiente;0;0;0;3;12.5041;41.9916;-1;1;Autovettura privata;In marcia / fermata / arresto;Passeggero;M;Illeso;0;;Non accertato;Inesploso
4751831;20;14/01/2020 18:20:00;Strada Urbana;VIA FORNACE VIGNOLO;da specificare;;;;altezza rotatoria direzione Labaro;Scontro laterale fra veicoli in marcia;Rotatoria;Una carreggiata a senso unico di marcia;Asciutto;Asfaltata;Verticale ed orizzontale;Sereno;Normale;Sufficiente;Insufficiente;0;0;0;3;12.5041;41.9916;-1;2;Autovettura privata;In marcia / fermata / arresto;Conducente;M;Illeso;0;;Non accertato;Inesploso
4751835;19;14/01/2020 17:40:00;Strada Urbana;VIA PIETRO ADAMI;in corrispondenza;;del civico n.;96;;Tamponamento;Rettilineo;Una carreggiata a senso unico di marcia;Asciutto;Asfaltata;Assente;Sereno;Normale;Buona;Sufficiente;0;0;0;2;12.4166;41.9273;-1;1;Autovettura privata;In marcia / fermata / arresto;Conducente;F;Illeso;0;;Non accertato;Inesploso
4751835;19;14/01/2020 17:40:00;Strada Urbana;VIA PIETRO ADAMI;in corrispondenza;;del civico n.;96;;Tamponamento;Rettilineo;Una carreggiata a senso unico di marcia;Asciutto;Asfaltata;Assente;Sereno;Normale;Buona;Sufficiente;0;0;0;2;12.4166;41.9273;-1;2;Autovettura privata;In marcia / fermata / arresto;Conducente;M;Illeso;0;;Non accertato;Inesploso
4751844;19;14/01/2020 16:30:00;Strada Urbana;GALLERIA GIOVANNI XXIII;da specificare;;;;500 mt dopo E4;Fuoriuscita dalla sede stradale;Rettilineo;Una carreggiata a senso unico di marcia;Asciutto;Asfaltata;Verticale ed orizzontale;Sereno;Normale;Sufficiente;Ore Diurne;1;0;0;0;12.4523;41.9397;-1;1;Motociclo a solo;In marcia / fermata / arresto;Conducente;F;Rimandato;0;NON DECEDUTO;Non accertato;
4751846;13;14/01/2020 16:10:00;Strada Urbana;VIA AMEDEO BOCCHI;da specificare;;;;prossimità palo Acea n. 88;Scontro frontale/laterale DX fra veicoli in marcia;Rettilineo;Una carreggiata a doppio senso;Asciutto;Asfaltata;Verticale ed orizzontale;Sereno;Normale;Buona;Ore Diurne;0;0;0;4;12.3504;41.7761;-1;1;Autovettura privata;In marcia / fermata / arresto;Conducente;M;Illeso;0;;Non accertato;Inesploso
4751846;13;14/01/2020 16:10:00;Strada Urbana;VIA AMEDEO BOCCHI;da specificare;;;;prossimità palo Acea n. 88;Scontro frontale/laterale DX fra veicoli in marcia;Rettilineo;Una carreggiata a doppio senso;Asciutto;Asfaltata;Verticale ed orizzontale;Sereno;Normale;Buona;Ore Diurne;0;0;0;4;12.3504;41.7761;-1;2;Autovettura privata;In marcia / fermata / arresto;Conducente;M;Illeso;0;;Non accertato;Inesploso
4751846;13;14/01/2020 16:10:00;Strada Urbana;VIA AMEDEO BOCCHI;da specificare;;;;prossimità palo Acea n. 88;Scontro frontale/laterale DX fra veicoli in marcia;Rettilineo;Una carreggiata a doppio senso;Asciutto;Asfaltata;Verticale ed orizzontale;Sereno;Normale;Buona;Ore Diurne;0;0;0;4;12.3504;41.7761;-1;2;Autovettura privata;In marcia / fermata / arresto;Passeggero;F;Illeso;0;;Non accertato;Inesploso
4751846;13;14/01/2020 16:10:00;Strada Urbana;VIA AMEDEO BOCCHI;da specificare;;;;prossimità palo Acea n. 88;Scontro frontale/laterale DX fra veicoli in marcia;Rettilineo;Una carreggiata a doppio senso;Asciutto;Asfaltata;Verticale ed orizzontale;Sereno;Normale;Buona;Ore Diurne;0;0;0;4;12.3504;41.7761;-1;2;Autovettura privata;In marcia / fermata / arresto;Passeggero;F;Illeso;0;;Non accertato;Inesploso
4751849;13;14/01/2020 17:45:00;Strada Urbana;VIA DI SAPONARA;all'intersezione con;VIALE ENRICO ORTOLANI;VIALE ENRICO ORTOLANI;;;Scontro frontale/laterale SX fra veicoli in marcia;Incrocio;Una carreggiata a doppio senso;Asciutto;Asfaltata;Verticale;Sereno;Normale;Buona;Sufficiente;0;0;0;6;12.3408;41.7726;-1;1;Autovettura privata;In marcia / fermata / arresto;Conducente;F;Illeso;0;;Non accertato;Inesploso
4751849;13;14/01/2020 17:45:00;Strada Urbana;VIA DI SAPONARA;all'intersezione con;VIALE ENRICO ORTOLANI;VIALE ENRICO ORTOLANI;;;Scontro frontale/laterale SX fra veicoli in marcia;Incrocio;Una carreggiata a doppio senso;Asciutto;Asfaltata;Verticale;Sereno;Normale;Buona;Sufficiente;0;0;0;6;12.3408;41.7726;-1;1;Autovettura privata;In marcia / fermata / arresto;Passeggero;F;Illeso;0;;Non accertato;Inesploso
4751849;13;14/01/2020 17:45:00;Strada Urbana;VIA DI SAPONARA;all'intersezione con;VIALE ENRICO ORTOLANI;VIALE ENRICO ORTOLANI;;;Scontro frontale/laterale SX fra veicoli in marcia;Incrocio;Una carreggiata a doppio senso;Asciutto;Asfaltata;Verticale;Sereno;Normale;Buona;Sufficiente;0;0;0;6;12.3408;41.7726;-1;2;Autovettura di polizia;In marcia / fermata / arresto;Conducente;M;Illeso;0;;Non accertato;Inesploso
4751849;13;14/01/2020 17:45:00;Strada Urbana;VIA DI SAPONARA;all'intersezione con;VIALE ENRICO ORTOLANI;VIALE ENRICO ORTOLANI;;;Scontro frontale/laterale SX fra veicoli in marcia;Incrocio;Una carreggiata a doppio senso;Asciutto;Asfaltata;Verticale;Sereno;Normale;Buona;Sufficiente;0;0;0;6;12.3408;41.7726;-1;2;Autovettura di polizia;In marcia / fermata / arresto;Passeggero;M;Illeso;0;;Non accertato;