Protocollo;Gruppo;DataOraIncidente;Localizzazione1;STRADA1;Localizzazione2;STRADA2;Strada02;Chilometrica;DaSpecificare;NaturaIncidente;particolaritastrade;TipoStrada;FondoStradale;Pavimentazione;Segnaletica;CondizioneAtmosferica;Traffico;Visibilita;Illuminazione;NUM_FERITI;NUM_RISERVATA;NUM_MORTI;NUM_ILLESI;Longitude;Latitude;Confermato;Progressivo;TipoVeicolo;StatoVeicolo;TipoPersona;Sesso;Tipolesione;Deceduto;DecedutoDopo;CinturaCascoUtilizzato;Airbag;
4753652;10;15/01/2020 16:45:00;Strada Urbana;VIA MASURIO SABINO;all'intersezione con;VIA SCRIBONIO CURIONE;VIA SCRIBONIO CURIONE;;;Veicolo in marcia contro veicolo in sosta;Incrocio;Due carreggiate;Asciutto;Asfaltata;Verticale ed orizzontale;Sereno;Normale;Sufficiente;Sufficiente;0;0;0;3;12.5542;41.8643;-1;1;Autovettura privata;In marcia / fermata / arresto;Passeggero;M;Illeso;0;;Non accertato;Inesploso
4753652;10;15/01/2020 16:45:00;Strada Urbana;VIA MASURIO SABINO;all'intersezione con;VIA SCRIBONIO CURIONE;VIA SCRIBONIO CURIONE;;;Veicolo in marcia contro veicolo in sosta;Incrocio;Due carreggiate;Asciutto;Asfaltata;Verticale ed orizzontale;Sereno;Normale;Sufficiente;Sufficiente;0;0;0;3;12.5542;41.8643;-1;2;Autovettura privata;Sosta;;;;;;;
4753657;15;15/01/2020 17:40:00;Strada Urbana;VIA DELLA MAGLIANA;in prossimità;;del civico n.;424;;Scontro frontale/laterale DX fra veicoli in marcia;Rettilineo;Una carreggiata a doppio senso;Asciutto;Asfaltata;Orizzontale;Sereno;Normale;Buona;Sufficiente;1;0;0;1;12.4472;41.8339;-1;1;Autovettura privata;In marcia / fermata / arresto;Conducente;M;Illeso;0;;Utilizzato;Inesploso
4753657;15;15/01/2020 17:40:00;Strada Urbana;VIA DELLA MAGLIANA;in prossimità;;del civico n.;424;;Scontro frontale/laterale DX fra veicoli in marcia;Rettilineo;Una carreggiata a doppio senso;Asciutto;Asfaltata;Orizzontale;Sereno;Normale;Buona;Sufficiente;1;0;0;1;12.4472;41.8339;-1;2;Ciclomotore con passeggero;In marcia / fermata / arresto;Conducente;M;Rimandato;0;NON DECEDUTO;Utilizzato;
4753675;15;15/01/2020 11:20:00;Strada Urbana;VIA PIAN DUE TORRI;in corrispondenza;;del civico n.;57;;Scontro frontale/laterale DX fra veicoli in marcia;Rettilineo;Una carreggiata a senso unico di marcia;Asciutto;Asfaltata;Orizzontale;Sereno;Normale;Buona;Ore Diurne;0;0;0;3;12.4626;41.8495;-1;1;Autovettura privata;In marcia / fermata / arresto;Conducente;M;Illeso;0;;Non accertato;Inesploso
4753675;15;15/01/2020 11:20:00;Strada Urbana;VIA PIAN DUE TORRI;in corrispondenza;;del civico n.;57;;Scontro frontale/laterale DX fra veicoli in marcia;Rettilineo;Una carreggiata a senso unico di marcia;Asciutto;Asfaltata;Orizzontale;Sereno;Normale;Buona;Ore Diurne;0;0;0;3;12.4626;41.8495;-1;1;Autovettura privata;In marcia / fermata / arresto;Passeggero;F;Illeso;0;;Non accertato;Inesploso
4753675;15;15/01/2020 11:20:00;Strada Urbana;VIA PIAN DUE TORRI;in corrispondenza;;del civico n.;57;;Scontro frontale/laterale DX fra veicoli in marcia;Rettilineo;Una carreggiata a senso unico di marcia;Asciutto;Asfaltata;Orizzontale;Sereno;Normale;Buona;Ore Diurne;0;0;0;3;12.4626;41.8495;-1;2;Autovettura privata;In marcia / fermata / arresto;Conducente;M;Illeso;0;;Non accertato;Inesploso
4753692;11;15/01/2020 11:45:00;Strada Urbana;VIA DEL PORTO FLUVIALE;in corrispondenza;;del civico n.;51;;Veicolo in marcia contro veicolo arresto;Rettilineo;Una carreggiata a doppio senso;Asciutto;Asfaltata;Verticale ed orizzontale;Sereno;Intenso;Buona;Ore Diurne;0;0;0;3;12.4764;41.8723;-1;1;Autocarro inferiore 35 q.;In marcia / fermata / arresto;Conducente;M;Illeso;0;;;
4753692;11;15/01/2020 11:45:00;Strada Urbana;VIA DEL PORTO FLUVIALE;in corrispondenza;;del civico n.;51;;Veicolo in marcia contro veicolo arresto;Rettilineo;Una carreggiata a doppio senso;Asciutto;Asfaltata;Verticale ed orizzontale;Sereno;Intenso;Buona;Ore Diurne;0;0;0;3;12.4764;41.8723;-1;2;Autovettura privata;In marcia / fermata / arresto;Conducente;M;Illeso;0;;Non accertato;
4753692;11;15/01/2020 11:45:00;Strada Urbana;VIA DEL PORTO FLUVIALE;in corrispondenza;;del civico n.;51;;Veicolo in marcia contro veicolo arresto;Rettilineo;Una carreggiata a doppio senso;Asciutto;Asfaltata;Verticale ed orizzontale;Sereno;Intenso;Buona;Ore Diurne;0;0;0;3;12.4764;41.8723;-1;2;Autovettura privata;In marcia / fermata / arresto;Passeggero;F;Illeso;0;;;
4753701;19;15/01/2020 16:30:00;Strada Urbana;VIA UGO DE CAROLIS;in corrispondenza;;del civico n.;100;;Scontro laterale fra veicoli in marcia;Rettilineo;Una carreggiata a doppio senso;Asciutto;Asfaltata;Assente;Sereno;Normale;Buona;Ore Diurne;0;0;0;3;12.4391;41.9175;-1;1;Autocarro inferiore 35 q.;In marcia / fermata / arresto;Conducente;M;Illeso;0;;Non accertato;Inesploso
4753701;19;15/01/2020 16:30:00;Strada Urbana;VIA UGO DE CAROLIS;in corrispondenza;;del civico n.;100;;Scontro laterale fra veicoli in marcia;Rettilineo;Una carreggiata a doppio senso;Asciutto;Asfaltata;Assente;Sereno;Normale;Buona;Ore Diurne;0;0;0;3;12.4391;41.9175;-1;2;Autovettura privata;In marcia / fermata / arresto;Conducente;F;Illeso;0;;Non accertato;Inesploso
4753701;19;15/01/2020 16:30:00;Strada Urbana;VIA UGO DE CAROLIS;in corrispondenza;;del civico n.;100;;Scontro laterale fra veicoli in marcia;Rettilineo;Una carreggiata a doppio senso;Asciutto;Asfaltata;Assente;Sereno;Normale;Buona;Ore Diurne;0;0;0;3;12.4391;41.9175;-1;2;Autovettura privata;In marcia / fermata / arresto;Passeggero;M;Illeso;0;;Non accertato;Inesploso
4753725;10;15/01/2020 17:50:00;Strada Urbana;VIA DI CAMPO ROMANO;all'intersezione con;VIA BELCASTRO;VIA BELCASTRO;;;Scontro frontale/laterale SX fra veicoli in marcia;Incrocio;Una carreggiata a doppio senso;Asciutto;Asfaltata;Verticale;Sereno;Scarso;Sufficiente;Sufficiente;2;0;0;4;12.6103;41.8288;-1;1;Autovettura privata;In marcia / fermata / arresto;Conducente;M;Illeso;0;;Non accertato;Inesploso
4753725;10;15/01/2020 17:50:00;Strada Urbana;VIA DI CAMPO ROMANO;all'intersezione con;VIA BELCASTRO;VIA BELCASTRO;;;Scontro frontale/laterale SX fra veicoli in marcia;Incrocio;Una carreggiata a doppio senso;Asciutto;Asfaltata;Verticale;Sereno;Scarso;Sufficiente;Sufficiente;2;0;0;4;12.6103;41.8288;-1;2;Autovettura privata;In marcia / fermata / arresto;Conducente;F;Illeso;0;;Non accertato;Inesploso
4753725;10;15/01/2020 17:50:00;Strada Urbana;VIA DI CAMPO ROMANO;all'intersezione con;VIA BELCASTRO;VIA BELCASTRO;;;Scontro frontale/laterale SX fra veicoli in marcia;Incrocio;Una carreggiata a doppio senso;Asciutto;Asfaltata;Verticale;Sereno;Scarso;Sufficiente;Sufficiente;2;0;0;4;12.6103;41.8288;-1;2;Autovettura privata;In marcia / fermata / arresto;Passeggero;M;Illeso;0;;Non accertato;Inesploso
4753725;10;15/01/2020 17:50:00;Strada Urbana;VIA DI CAMPO ROMANO;all'intersezione con;VIA BELCASTRO;VIA BELCASTRO;;;Scontro frontale/laterale SX fra veicoli in marcia;Incrocio;Una carreggiata a doppio senso;Asciutto;Asfaltata;Verticale;Sereno;Scarso;Sufficiente;Sufficiente;2;0;0;4;12.6103;41.8288;-1;2;Autovettura privata;In marcia / fermata / arresto;Passeggero;F;Rimandato;0;NON DECEDUTO;Non accertato;Inesploso
4753725;10;15/01/2020 17:50:00;Strada Urbana;VIA DI CAMPO ROMANO;all'intersezione con;VIA BELCASTRO;VIA BELCASTRO;;;Scontro frontale/laterale SX fra veicoli in marcia;Incrocio;Una carreggiata a doppio senso;Asciutto;Asfaltata;Verticale;Sereno;Scarso;Sufficiente;Sufficiente;2;0;0;4;12.6103;41.8288;-1;2;Autovettura privata;In marcia / fermata / arresto;Passeggero;M;Rimandato;0;NON DECEDUTO;Non accertato;Inesploso
4753725;10;15/01/2020 17:50:00;Strada Urbana;VIA DI CAMPO ROMANO;all'intersezione con;VIA BELCASTRO;VIA BELCASTRO;;;Scontro frontale/laterale SX fra veicoli in marcia;Incrocio;Una carreggiata a doppio senso;Asciutto;Asfaltata;Verticale;Sereno;Scarso;Sufficiente;Sufficiente;2;0;0;4;12.6103;41.8288;-1;2;Autovettura privata;In marcia / fermata / arresto;Passeggero;F;Illeso;0;;Non accertato;Inesploso
4753728;1;15/01/2020 13:50:00;Strada Urbana;VICO JUGARIO;all'intersezione semaforizzata con;VIA LUIGI PETROSELLI;VIA LUIGI PETROSELLI;;;Scontro frontale/laterale SX fra veicoli in marcia;Intersezione semaforizzata;Una carreggiata a doppio senso;Asciutto;In cubetti di porfido;Verticale ed orizzontale;Sereno;Normale;Buona;Ore Diurne;0;0;0;3;12.4806;41.8909;-1;1;Autovettura privata;In marcia / fermata / arresto;Conducente;M;Illeso;0;;Non accertato;Inesploso
4753728;1;15/01/2020 13:50:00;Strada Urbana;VICO JUGARIO;all'intersezione semaforizzata con;VIA LUIGI PETROSELLI;VIA LUIGI PETROSELLI;;;Scontro frontale/laterale SX fra veicoli in marcia;Intersezione semaforizzata;Una carreggiata a doppio senso;Asciutto;In cubetti di porfido;Verticale ed orizzontale;Sereno;Normale;Buona;Ore Diurne;0;0;0;3;12.4806;41.8909;-1;1;Autovettura privata;In marcia / fermata / arresto;Passeggero;F;Illeso;0;;Non accertato;Inesploso
4753728;1;15/01/2020 13:50:00;Strada Urbana;VICO JUGARIO;all'intersezione semaforizzata con;VIA LUIGI PETROSELLI;VIA LUIGI PETROSELLI;;;Scontro frontale/laterale SX fra veicoli in marcia;Intersezione semaforizzata;Una carreggiata a doppio senso;Asciutto;In cubetti di porfido;Verticale ed orizzontale;Sereno;Normale;Buona;Ore Diurne;0;0;0;3;12.4806;41.8909;-1;2;Velocipede;In marcia / fermata / arresto;Conducente;M;Illeso;0;;Esente;
4753758;17;15/01/2020 23:30:00;Strada Urbana;VIA MONTE CARMELO;in prossimità;;del civico n.;28;;Tamponamento;Rettilineo;Una carreggiata a doppio senso;Asciutto;Asfaltata;Assente;Sereno;Scarso;Insufficiente;Insufficiente;0;0;0;3;12.4102;41.9013;-1;1;Motociclo con passeggero;In marcia / fermata / arresto;Conducente;M;Illeso;0;;;
4753758;17;15/01/2020 23:30:00;Strada Urbana;VIA MONTE CARMELO;in prossimità;;del civico n.;28;;Tamponamento;Rettilineo;Una carreggiata a doppio senso;Asciutto;Asfaltata;Assente;Sereno;Scarso;Insufficiente;Insufficiente;0;0;0;3;12.4102;41.9013;-1;1;Motociclo con passeggero;In marcia / fermata / arresto;Passeggero;M;Illeso;0;;;
4753758;17;15/01/2020 23:30:00;Strada Urbana;VIA MONTE CARMELO;in prossimità;;del civico n.;28;;Tamponamento;Rettilineo;Una carreggiata a doppio senso;Asciutto;Asfaltata;Assente;Sereno;Scarso;Insufficiente;Insufficiente;0;0;0;3;12.4102;41.9013;-1;2;Autovettura privata;In marcia / fermata / arresto;Conducente;M;Illeso;0;;;
4753766;1;15/01/2020 14:45:00;Strada Urbana;VIA SEBASTIANO GRANDIS;all'intersezione con;VIA ELENIANA;VIA ELENIANA;;;Scontro frontale/laterale DX fra veicoli in marcia;Intersezione stradale segnalata;Una carreggiata a senso unico di marcia;Asciutto;Asfaltata;Verticale ed orizzontale;Sereno;Normale;Buona;Ore Diurne;0;0;0;2;12.5149;41.8899;-1;1;Autovettura privata;In marcia / fermata / arresto;Conducente;M;Illeso;0;;Non accertato;Inesploso
4753766;1;15/01/2020 14:45:00;Strada Urbana;VIA SEBASTIANO GRANDIS;all'intersezione con;VIA ELENIANA;VIA ELENIANA;;;Scontro frontale/laterale DX fra veicoli in marcia;Intersezione stradale segnalata;Una carreggiata a senso unico di marcia;Asciutto;Asfaltata;Verticale ed orizzontale;Sereno;Normale;Buona;Ore Diurne;0;0;0;2;12.5149;41.8899;-1;2;Autovettura di polizia;In marcia / fermata / arresto;Conducente;M;Illeso;0;;Non accertato;Inesploso
4753768;4;15/01/2020 08:15:00;Strada Urbana;VIA MONTE ROCCHETTA;all'intersezione con;VIA MONTE CROCE;VIA MONTE CROCE;;;Scontro frontale/laterale DX fra veicoli in marcia;Intersezione stradale segnalata;Una carreggiata a doppio senso;Asciutto;Asfaltata;Verticale ed orizzontale;Sereno;Normale;Buona;Ore Diurne;0;0;0;3;12.5317;41.9473;-1;1;Autovettura privata;In marcia / fermata / arresto;Conducente;M;Illeso;0;;Non accertato;Inesploso
4753768;4;15/01/2020 08:15:00;Strada Urbana;VIA MONTE ROCCHETTA;all'intersezione con;VIA MONTE CROCE;VIA MONTE CROCE;;;Scontro frontale/laterale DX fra veicoli in marcia;Intersezione stradale segnalata;Una carreggiata a doppio senso;Asciutto;Asfaltata;Verticale ed orizzontale;Sereno;Normale;Buona;Ore Diurne;0;0;0;3;12.5317;41.9473;-1;1;Autovettura privata;In marcia / fermata / arresto;Passeggero;F;Illeso;0;;;
4753768;4;15/01/2020 08:15:00;Strada Urbana;VIA MONTE ROCCHETTA;all'intersezione con;VIA MONTE CROCE;VIA MONTE CROCE;;;Scontro frontale/laterale DX fra veicoli in marcia;Intersezione stradale segnalata;Una carreggiata a doppio senso;Asciutto;Asfaltata;Verticale ed orizzontale;Sereno;Normale;Buona;Ore Diurne;0;0;0;3;12.5317;41.9473;-1;2;Autovettura privata;In marcia / fermata / arresto;Conducente;M;Illeso;0;;Non accertato;Inesploso
4753783;19;16/01/2020 05:00:00;Strada Urbana;VIA PIETRO BEMBO;in corrispondenza;;del civico n.;60;;Veicolo in marcia contro veicolo in sosta;Rettilineo;Una carreggiata a doppio senso;Asciutto;Asfaltata;Verticale ed orizzontale;Sereno;Normale;Sufficiente;Sufficiente;0;0;0;1;12.4128;41.9204;-1;1;Autovettura privata;In marcia / fermata / arresto;Conducente;M;Illeso;0;;;
4753783;19;16/01/2020 05:00:00;Strada Urbana;VIA PIETRO BEMBO;in corrispondenza;;del civico n.;60;;Veicolo in marcia contro veicolo in sosta;Rettilineo;Una carreggiata a doppio senso;Asciutto;Asfaltata;Verticale ed orizzontale;Sereno;Normale;Sufficiente;Sufficiente;0;0;0;1;12.4128;41.9204;-1;2;Autovettura privata;Sosta;;;;;;;
4753795;17;15/01/2020 09:45:00;Strada Urbana;VIA CRESCENZIO;in corrispondenza;;del civico n.;46;;Scontro laterale fra veicoli in marcia;Rettilineo;Una carreggiata a doppio senso;Asciutto;In cubetti di porfido;Verticale ed orizzontale;Sereno;Normale;Buona;Ore Diurne;0;0;0;2;12.4639;41.9058;-1;1;Autovettura privata;In marcia / fermata / arresto;Conducente;M;Illeso;0;;;
4753795;17;15/01/2020 09:45:00;Strada Urbana;VIA CRESCENZIO;in corrispondenza;;del civico n.;46;;Scontro laterale fra veicoli in marcia;Rettilineo;Una carreggiata a doppio senso;Asciutto;In cubetti di porfido;Verticale ed orizzontale;Sereno;Normale;Buona;Ore Diurne;0;0;0;2;12.4639;41.9058;-1;2;Motociclo con passeggero;In marcia / fermata / arresto;Conducente;M;Illeso;0;;Non accertato;
4753830;4;15/01/2020 17:00:00;Strada Urbana;VIA BOLOGNOLA;in corrispondenza;;del civico n.;31;;Scontro laterale fra veicoli in marcia;Rettilineo;Una carreggiata a doppio senso;Asciutto;Asfaltata;Orizzontale;Sereno;Normale;Buona;Ore Diurne;0;0;0;4;12.5058;41.9845;-1;1;Autovettura privata;In marcia / fermata / arresto;Conducente;M;Illeso;0;;Non accertato;Inesploso
4753830;4;15/01/2020 17:00:00;Strada Urbana;VIA BOLOGNOLA;in corrispondenza;;del civico n.;31;;Scontro laterale fra veicoli in marcia;Rettilineo;Una carreggiata a doppio senso;Asciutto;Asfaltata;Orizzontale;Sereno;Normale;Buona;Ore Diurne;0;0;0;4;12.5058;41.9845;-1;1;Autovettura privata;In marcia / fermata / arresto;Passeggero;F;Illeso;0;;Non accertato;Inesploso
4753830;4;15/01/2020 17:00:00;Strada Urbana;VIA BOLOGNOLA;in corrispondenza;;del civico n.;31;;Scontro laterale fra veicoli in marcia;Rettilineo;Una carreggiata a doppio senso;Asciutto;Asfaltata;Orizzontale;Sereno;Normale;Buona;Ore Diurne;0;0;0;4;12.5058;41.9845;-1;1;Autovettura privata;In marcia / fermata / arresto;Passeggero;F;Illeso;0;;Non accertato;Inesploso
4753830;4;15/01/2020 17:00:00;Strada Urbana;VIA BOLOGNOLA;in corrispondenza;;del civico n.;31;;Scontro laterale fra veicoli in marcia;Rettilineo;Una carreggiata a doppio senso;Asciutto;Asfaltata;Orizzontale;Sereno;Normale;Buona;Ore Diurne;0;0;0;4;12.5058;41.9845;-1;2;Autocarro inferiore 35 q.;In marcia / fermata / arresto;Conducente;M;Illeso;0;;Non accertato;Inesploso
4753841;7;16/01/2020 08:15:00;Strada Urbana;VIA DEI CICLAMINI;all'intersezione con;VIA VINCENZO CESATI;VIA VINCENZO CESATI;;;Scontro frontale/laterale DX fra veicoli in marcia;Incrocio;Una carreggiata a doppio senso;Asciutto;Asfaltata;Verticale ed orizzontale;Sereno;Normale;Buona;Ore Diurne;0;0;0;2;12.5653;41.8939;-1;1;Autovettura privata;In marcia / fermata / arresto;Conducente;M;Illeso;0;;Non accertato;Inesploso
4753841;7;16/01/2020 08:15:00;Strada Urbana;VIA DEI CICLAMINI;all'intersezione con;VIA VINCENZO CESATI;VIA VINCENZO CESATI;;;Scontro frontale/laterale DX fra veicoli in marcia;Incrocio;Una carreggiata a doppio senso;Asciutto;Asfaltata;Verticale ed orizzontale;Sereno;Normale;Buona;Ore Diurne;0;0;0;2;12.5653;41.8939;-1;2;Autovettura privata;In marcia / fermata / arresto;Conducente;M;Illeso;0;;Non accertato;Inesploso
4753887;18;16/01/2020 08:15:00;Strada Urbana;VIA DELLA MAGLIANELLA;in prossimità;;del civico n.;233;;Tamponamento;Rettilineo;Una carreggiata a doppio senso;Asciutto;Asfaltata;Verticale ed orizzontale;Sereno;Normale;Buona;Ore Diurne;1;0;0;2;12.3821;41.907;-1;1;Autovettura privata;In marcia / fermata / arresto;Conducente;F;Illeso;0;;Non accertato;Inesploso
4753887;18;16/01/2020 08:15:00;Strada Urbana;VIA DELLA MAGLIANELLA;in prossimità;;del civico n.;233;;Tamponamento;Rettilineo;Una carreggiata a doppio senso;Asciutto;Asfaltata;Verticale ed orizzontale;Sereno;Normale;Buona;Ore Diurne;1;0;0;2;12.3821;41.907;-1;1;Autovettura privata;In marcia / fermata / arresto;Passeggero;M;Rimandato;0;NON DECEDUTO;Non accertato;Inesploso
4753887;18;16/01/2020 08:15:00;Strada Urbana;VIA DELLA MAGLIANELLA;in prossimità;;del civico n.;233;;Tamponamento;Rettilineo;Una carreggiata a doppio senso;Asciutto;Asfaltata;Verticale ed orizzontale;Sereno;Normale;Buona;Ore Diurne;1;0;0;2;12.3821;41.907;-1;2;Autovettura privata;In marcia / fermata / arresto;Conducente;M;Illeso;0;;Non accertato;Inesploso
4753921;2;15/01/2020 08:35:00;Strada Urbana;VIA DEL FORO ITALICO;in prossimità;;del civico n.;647;;Scontro laterale fra veicoli in marcia;Rettilineo;Due carreggiate;Asciutto;Asfaltata;Orizzontale;Sereno;Intenso;Buona;Ore Diurne;1;0;0;1;12.504;41.939;-1;1;Autovettura privata;In marcia / fermata / arresto;Conducente;M;Illeso;0;;Non accertato;Inesploso
4753921;2;15/01/2020 08:35:00;Strada Urbana;VIA DEL FORO ITALICO;in prossimità;;del civico n.;647;;Scontro laterale fra veicoli in marcia;Rettilineo;Due carreggiate;Asciutto;Asfaltata;Orizzontale;Sereno;Intenso;Buona;Ore Diurne;1;0;0;1;12.504;41.939;-1;2;Motociclo a solo;In marcia / fermata / arresto;Conducente;M;Rimandato;0;NON DECEDUTO;Non accertato;
4753955;16;15/01/2020 10:25:00;Strada Urbana;VIA RAFFAELE BALESTRA;all'intersezione con;VIA LORENZO VIDASCHI;VIA LORENZO VIDASCHI;;;Scontro frontale/laterale DX fra veicoli in marcia;Intersezione stradale segnalata;Due carreggiate;Asciutto;Asfaltata;Verticale ed orizzontale;Sereno;Normale;Buona;Ore Diurne;0;0;0;2;12.4498;41.8739;-1;1;Autovettura privata;In marcia / fermata / arresto;Conducente;M;Illeso;0;;Non utilizzato;
4753955;16;15/01/2020 10:25:00;Strada Urbana;VIA RAFFAELE BALESTRA;all'intersezione con;VIA LORENZO VIDASCHI;VIA LORENZO VIDASCHI;;;Scontro frontale/laterale DX fra veicoli in marcia;Intersezione stradale segnalata;Due carreggiate;Asciutto;Asfaltata;Verticale ed orizzontale;Sereno;Normale;Buona;Ore Diurne;0;0;0;2;12.4498;41.8739;-1;2;Autovettura pubblica;In marcia / fermata / arresto;Conducente;M;Illeso;0;;Non accertato;
4753963;7;16/01/2020 09:00:00;Strada Urbana;VIA PRENESTINA;all'intersezione con;VIA DI TOR SAPIENZA;VIA DI TOR SAPIENZA;;;Scontro frontale/laterale DX fra veicoli in marcia;Incrocio;Una carreggiata a doppio senso;Asciutto;Asfaltata;Verticale ed orizzontale;Sereno;Normale;Sufficiente;Ore Diurne;1;0;0;1;12.5922;41.8944;-1;1;Autovettura privata;In marcia / fermata / arresto;Conducente;M;Ricoverato;0;NON DECEDUTO;Non accertato;Inesploso
4753963;7;16/01/2020 09:00:00;Strada Urbana;VIA PRENESTINA;all'intersezione con;VIA DI TOR SAPIENZA;VIA DI TOR SAPIENZA;;;Scontro frontale/laterale DX fra veicoli in marcia;Incrocio;Una carreggiata a doppio senso;Asciutto;Asfaltata;Verticale ed orizzontale;Sereno;Normale;Sufficiente;Ore Diurne;1;0;0;1;12.5922;41.8944;-1;2;Autovettura privata;In marcia / fermata / arresto;Conducente;M;Illeso;0;;Non accertato;Inesploso
4754125;12;16/01/2020 07:30:00;Strada Urbana;VIA PONTINA;in prossimità;;della chilometrica;17;;Veicolo in marcia contro ostacolo fisso;Rettilineo;Due carreggiate;Bagnato (brina);Asfaltata;Verticale ed orizzontale;Sereno;Normale;Buona;Ore Diurne;1;0;0;1;12.4522;41.7941;-1;1;Autovettura privata;In marcia / fermata / arresto;Conducente;M;Illeso;0;;Utilizzato;Inesploso
4754125;12;16/01/2020 07:30:00;Strada Urbana;VIA PONTINA;in prossimità;;della chilometrica;17;;Veicolo in marcia contro ostacolo fisso;Rettilineo;Due carreggiate;Bagnato (brina);Asfaltata;Verticale ed orizzontale;Sereno;Normale;Buona;Ore Diurne;1;0;0;1;12.4522;41.7941;-1;2;Autovettura di polizia;In marcia / fermata / arresto;Conducente;M;Rimandato;0;NON DECEDUTO;Utilizzato;Inesploso
4754196;12;16/01/2020 07:00:00;Strada Urbana;VIA DI TOR PAGNOTTA;da specificare;;;;INTERSEZIONE SEMAFORIZZATA CON  VIA F. SALEMME;Scontro frontale/laterale SX fra veicoli in marcia;Rettilineo;Una carreggiata a doppio senso;Asciutto;Asfaltata;Verticale ed orizzontale;Sereno;Normale;Buona;Ore Diurne;0;0;0;3;12.5061;41.8038;-1;1;Autovettura privata;In marcia / fermata / arresto;Conducente;M;Illeso;0;;Non accertato;Inesploso
4754196;12;16/01/2020 07:00:00;Strada Urbana;VIA DI TOR PAGNOTTA;da specificare;;;;INTERSEZIONE SEMAFORIZZATA CON  VIA F. SALEMME;Scontro frontale/laterale SX fra veicoli in marcia;Rettilineo;Una carreggiata a doppio senso;Asciutto;Asfaltata;Verticale ed orizzontale;Sereno;Normale;Buona;Ore Diurne;0;0;0;3;12.5061;41.8038;-1;1;Autovettura privata;In marcia / fermata / arresto;Passeggero;M;Illeso;0;;Utilizzato;Inesploso
4754196;12;16/01/2020 07:00:00;Strada Urbana;VIA DI TOR PAGNOTTA;da specificare;;;;INTERSEZIONE SEMAFORIZZATA CON  VIA F. SALEMME;Scontro frontale/laterale SX fra veicoli in marcia;Rettilineo;Una carreggiata a doppio senso;Asciutto;Asfaltata;Verticale ed orizzontale;Sereno;Normale;Buona;Ore Diurne;0;0;0;3;12.5061;41.8038;-1;2;Autocarro inferiore 35 q.;In marcia / fermata / arresto;Conducente;M;Illeso;0;;Utilizzato;Inesploso
4754222;20;16/01/2020 09:00:00;Statale entro l'abitato;VIA CASSIA;in prossimità;;del civico n.;1415;;Scontro frontale/laterale DX fra veicoli in marcia;Rettilineo;Una carreggiata a doppio senso;Asciutto;Asfaltata;Verticale ed orizzontale;Sereno;Normale;Buona;Ore Diurne;1;0;0;1;12.3974;41.9909;-1;1;Autovettura privata;In marcia / fermata / arresto;Conducente;M;Illeso;0;;Non accertato;Inesploso
4754222;20;16/01/2020 09:00:00;Statale entro l'abitato;VIA CASSIA;in prossimità;;del civico n.;1415;;Scontro frontale/laterale DX fra veicoli in marcia;Rettilineo;Una carreggiata a doppio senso;Asciutto;Asfaltata;Verticale ed orizzontale;Sereno;Normale;Buona;Ore Diurne;1;0;0;1;12.3974;41.9909;-1;2;Motociclo a solo;In marcia / fermata / arresto;Conducente;M;Rimandato;0;NON DECEDUTO;Non accertato;
4754243;3;15/01/2020 07:00:00;Strada Urbana;VIA DELLA BATTERIA NOMENTANA;da specificare;;;;civico 100;Veicolo in marcia contro veicoli in sosta;Rettilineo;Una carreggiata a senso unico di marcia;Asciutto;Asfaltata;Verticale ed orizzontale;Sereno;Normale;Buona;Sufficiente;0;0;0;1;12.526;41.9266;-1;1;Autovettura privata;Sosta;;;;;;;
4754243;3;15/01/2020 07:00:00;Strada Urbana;VIA DELLA BATTERIA NOMENTANA;da specificare;;;;civico 100;Veicolo in marcia contro veicoli in sosta;Rettilineo;Una carreggiata a senso unico di marcia;Asciutto;Asfaltata;Verticale ed orizzontale;Sereno;Normale;Buona;Sufficiente;0;0;0;1;12.526;41.9266;-1;2;Autovettura privata;Sosta;;;;;;;
4754243;3;15/01/2020 07:00:00;Strada Urbana;VIA DELLA BATTERIA NOMENTANA;da specificare;;;;civico 100;Veicolo in marcia contro veicoli in sosta;Rettilineo;Una carreggiata a senso unico di marcia;Asciutto;Asfaltata;Verticale ed orizzontale;Sereno;Normale;Buona;Sufficiente;0;0;0;1;12.526;41.9266;-1;3;Autovettura privata;Sosta;;;;;;;
4754243;3;15/01/2020 07:00:00;Strada Urbana;VIA DELLA BATTERIA NOMENTANA;da specificare;;;;civico 100;Veicolo in marcia contro veicoli in sosta;Rettilineo;Una carreggiata a senso unico di marcia;Asciutto;Asfaltata;Verticale ed orizzontale;Sereno;Normale;Buona;Sufficiente;0;0;0;1;12.526;41.9266;-1;4;Autovettura privata;Sosta;;;;;;;
4754243;3;15/01/2020 07:00:00;Strada Urbana;VIA DELLA BATTERIA NOMENTANA;da specificare;;;;civico 100;Veicolo in marcia contro veicoli in sosta;Rettilineo;Una carreggiata a senso unico di marcia;Asciutto;Asfaltata;Verticale ed orizzontale;Sereno;Normale;Buona;Sufficiente;0;0;0;1;12.526;41.9266;-1;5;Motociclo a solo;Sosta;;;;;;;
4754243;3;15/01/2020 07:00:00;Strada Urbana;VIA DELLA BATTERIA NOMENTANA;da specificare;;;;civico 100;Veicolo in marcia contro veicoli in sosta;Rettilineo;Una carreggiata a senso unico di marcia;Asciutto;Asfaltata;Verticale ed orizzontale;Sereno;Normale;Buona;Sufficiente;0;0;0;1;12.526;41.9266;-1;6;Motociclo a solo;Sosta;;;;;;;