Protocollo;Gruppo;DataOraIncidente;Localizzazione1;STRADA1;Localizzazione2;STRADA2;Strada02;Chilometrica;DaSpecificare;NaturaIncidente;particolaritastrade;TipoStrada;FondoStradale;Pavimentazione;Segnaletica;CondizioneAtmosferica;Traffico;Visibilita;Illuminazione;NUM_FERITI;NUM_RISERVATA;NUM_MORTI;NUM_ILLESI;Longitude;Latitude;Confermato;Progressivo;TipoVeicolo;StatoVeicolo;TipoPersona;Sesso;Tipolesione;Deceduto;DecedutoDopo;CinturaCascoUtilizzato;Airbag;
4755532;13;16/01/2020 20:34:00;Strada Urbana;PIAZZALE MAGELLANO;all'intersezione con;VIALE DELLA VITTORIA;VIALE DELLA VITTORIA;;;Scontro frontale/laterale DX fra veicoli in marcia;Rotatoria;Una carreggiata a senso unico di marcia;Asciutto;Asfaltata;Orizzontale;Sereno;Normale;Buona;Sufficiente;0;0;0;2;12.2883;41.7259;-1;1;Autovettura privata;In marcia / fermata / arresto;Conducente;M;Illeso;0;;;
4755532;13;16/01/2020 20:34:00;Strada Urbana;PIAZZALE MAGELLANO;all'intersezione con;VIALE DELLA VITTORIA;VIALE DELLA VITTORIA;;;Scontro frontale/laterale DX fra veicoli in marcia;Rotatoria;Una carreggiata a senso unico di marcia;Asciutto;Asfaltata;Orizzontale;Sereno;Normale;Buona;Sufficiente;0;0;0;2;12.2883;41.7259;-1;2;Autovettura privata;In marcia / fermata / arresto;Conducente;M;Illeso;0;;;
4755538;7;17/01/2020 07:45:00;Strada Urbana;VIALE PALMIRO TOGLIATTI;in prossimità;;del civico n.;671;;Scontro laterale fra veicoli in marcia;Curva a visuale libera;Due carreggiate;Asciutto;Asfaltata;Verticale ed orizzontale;Sereno;Scarso;Buona;Ore Diurne;0;0;0;3;12.5727;41.8801;-1;1;Autovettura privata;In marcia / fermata / arresto;Conducente;F;Illeso;0;;Non accertato;Inesploso
4755538;7;17/01/2020 07:45:00;Strada Urbana;VIALE PALMIRO TOGLIATTI;in prossimità;;del civico n.;671;;Scontro laterale fra veicoli in marcia;Curva a visuale libera;Due carreggiate;Asciutto;Asfaltata;Verticale ed orizzontale;Sereno;Scarso;Buona;Ore Diurne;0;0;0;3;12.5727;41.8801;-1;1;Autovettura privata;In marcia / fermata / arresto;Passeggero;M;Illeso;0;;Non accertato;Inesploso
4755538;7;17/01/2020 07:45:00;Strada Urbana;VIALE PALMIRO TOGLIATTI;in prossimità;;del civico n.;671;;Scontro laterale fra veicoli in marcia;Curva a visuale libera;Due carreggiate;Asciutto;Asfaltata;Verticale ed orizzontale;Sereno;Scarso;Buona;Ore Diurne;0;0;0;3;12.5727;41.8801;-1;2;Autocarro inferiore 35 q.;In marcia / fermata / arresto;Conducente;M;Illeso;0;;Non accertato;Inesploso
4755545;4;16/01/2020 23:10:00;Provinciale entro l'abitato;VIA NOMENTANA;all'intersezione con;VIA CARLO LORENZINI;VIA CARLO LORENZINI;;;Scontro frontale/laterale SX fra veicoli in marcia;Intersezione stradale segnalata;Una carreggiata a doppio senso;Asciutto;Asfaltata;Verticale ed orizzontale;Sereno;Normale;Buona;Sufficiente;2;0;0;1;12.5728;41.9579;-1;1;Autovettura privata;In marcia / fermata / arresto;Conducente;M;Illeso;0;;Non accertato;
4755545;4;16/01/2020 23:10:00;Provinciale entro l'abitato;VIA NOMENTANA;all'intersezione con;VIA CARLO LORENZINI;VIA CARLO LORENZINI;;;Scontro frontale/laterale SX fra veicoli in marcia;Intersezione stradale segnalata;Una carreggiata a doppio senso;Asciutto;Asfaltata;Verticale ed orizzontale;Sereno;Normale;Buona;Sufficiente;2;0;0;1;12.5728;41.9579;-1;2;Motociclo con passeggero;In marcia / fermata / arresto;Conducente;M;Rimandato;0;NON DECEDUTO;Non accertato;
4755545;4;16/01/2020 23:10:00;Provinciale entro l'abitato;VIA NOMENTANA;all'intersezione con;VIA CARLO LORENZINI;VIA CARLO LORENZINI;;;Scontro frontale/laterale SX fra veicoli in marcia;Intersezione stradale segnalata;Una carreggiata a doppio senso;Asciutto;Asfaltata;Verticale ed orizzontale;Sereno;Normale;Buona;Sufficiente;2;0;0;1;12.5728;41.9579;-1;2;Motociclo con passeggero;In marcia / fermata / arresto;Passeggero;M;Rimandato;0;NON DECEDUTO;Non accertato;
4755549;20;16/01/2020 17:00:00;Altra strada;VIA CASSIA;in corrispondenza;;del civico n.;925A;;Veicolo in marcia contro veicolo in sosta;Rettilineo;Una carreggiata a doppio senso;Asciutto;Asfaltata;Assente;Sereno;Scarso;Buona;Sufficiente;0;0;0;1;12.4336;41.9713;-1;1;Autovettura privata;In marcia / fermata / arresto;Conducente;M;Illeso;0;;;
4755549;20;16/01/2020 17:00:00;Altra strada;VIA CASSIA;in corrispondenza;;del civico n.;925A;;Veicolo in marcia contro veicolo in sosta;Rettilineo;Una carreggiata a doppio senso;Asciutto;Asfaltata;Assente;Sereno;Scarso;Buona;Sufficiente;0;0;0;1;12.4336;41.9713;-1;2;Autovettura privata;Sosta;;;;;;;
4755557;15;16/01/2020 15:15:00;Strada Urbana;VIA DELLA PISANA;all'intersezione con;VIA DELLA TENUTA DI S. CECILIA;VIA DELLA TENUTA DI S. CECILIA;;;Veicolo in marcia contro ostacolo accidentale;Incrocio;Una carreggiata a doppio senso;Asciutto;Asfaltata;Verticale;Sereno;Normale;Sufficiente;Ore Diurne;0;0;0;4;12.389;41.8577;-1;1;Autovettura privata;In marcia / fermata / arresto;Conducente;M;Illeso;0;;Non accertato;Inesploso
4755557;15;16/01/2020 15:15:00;Strada Urbana;VIA DELLA PISANA;all'intersezione con;VIA DELLA TENUTA DI S. CECILIA;VIA DELLA TENUTA DI S. CECILIA;;;Veicolo in marcia contro ostacolo accidentale;Incrocio;Una carreggiata a doppio senso;Asciutto;Asfaltata;Verticale;Sereno;Normale;Sufficiente;Ore Diurne;0;0;0;4;12.389;41.8577;-1;2;Autocarro superiore 35 q.;In marcia / fermata / arresto;Conducente;M;Illeso;0;;Non accertato;Inesploso
4755557;15;16/01/2020 15:15:00;Strada Urbana;VIA DELLA PISANA;all'intersezione con;VIA DELLA TENUTA DI S. CECILIA;VIA DELLA TENUTA DI S. CECILIA;;;Veicolo in marcia contro ostacolo accidentale;Incrocio;Una carreggiata a doppio senso;Asciutto;Asfaltata;Verticale;Sereno;Normale;Sufficiente;Ore Diurne;0;0;0;4;12.389;41.8577;-1;2;Autocarro superiore 35 q.;In marcia / fermata / arresto;Passeggero;M;Illeso;0;;Non accertato;Inesploso
4755557;15;16/01/2020 15:15:00;Strada Urbana;VIA DELLA PISANA;all'intersezione con;VIA DELLA TENUTA DI S. CECILIA;VIA DELLA TENUTA DI S. CECILIA;;;Veicolo in marcia contro ostacolo accidentale;Incrocio;Una carreggiata a doppio senso;Asciutto;Asfaltata;Verticale;Sereno;Normale;Sufficiente;Ore Diurne;0;0;0;4;12.389;41.8577;-1;3;Rimorchio;In marcia / fermata / arresto;Conducente;M;Illeso;0;;;
4755561;4;16/01/2020 11:50:00;Strada Urbana;VIA DI CASAL BOCCONE;all'intersezione con;VIA ADA NEGRI;VIA ADA NEGRI;;;Scontro frontale/laterale SX fra veicoli in marcia;Incrocio;Una carreggiata a doppio senso;Asciutto;Asfaltata;Verticale ed orizzontale;Sereno;Normale;Buona;Ore Diurne;1;0;0;3;12.5572;41.9577;-1;1;Motociclo a solo;In marcia / fermata / arresto;Conducente;M;Rimandato;0;NON DECEDUTO;;
4755561;4;16/01/2020 11:50:00;Strada Urbana;VIA DI CASAL BOCCONE;all'intersezione con;VIA ADA NEGRI;VIA ADA NEGRI;;;Scontro frontale/laterale SX fra veicoli in marcia;Incrocio;Una carreggiata a doppio senso;Asciutto;Asfaltata;Verticale ed orizzontale;Sereno;Normale;Buona;Ore Diurne;1;0;0;3;12.5572;41.9577;-1;2;Autocarro superiore 35 q.;In marcia / fermata / arresto;Conducente;M;Illeso;0;;;
4755561;4;16/01/2020 11:50:00;Strada Urbana;VIA DI CASAL BOCCONE;all'intersezione con;VIA ADA NEGRI;VIA ADA NEGRI;;;Scontro frontale/laterale SX fra veicoli in marcia;Incrocio;Una carreggiata a doppio senso;Asciutto;Asfaltata;Verticale ed orizzontale;Sereno;Normale;Buona;Ore Diurne;1;0;0;3;12.5572;41.9577;-1;2;Autocarro superiore 35 q.;In marcia / fermata / arresto;Passeggero;M;Illeso;0;;;
4755561;4;16/01/2020 11:50:00;Strada Urbana;VIA DI CASAL BOCCONE;all'intersezione con;VIA ADA NEGRI;VIA ADA NEGRI;;;Scontro frontale/laterale SX fra veicoli in marcia;Incrocio;Una carreggiata a doppio senso;Asciutto;Asfaltata;Verticale ed orizzontale;Sereno;Normale;Buona;Ore Diurne;1;0;0;3;12.5572;41.9577;-1;3;Rimorchio;In marcia / fermata / arresto;Conducente;M;Illeso;0;;;
4755562;20;17/01/2020 07:50:00;Strada Urbana;VIA CASSIA NUOVA;da specificare;;;;altezza via Inviolatella Borghese;Scontro laterale fra veicoli in marcia;Rettilineo;Una carreggiata a doppio senso;Asciutto;Asfaltata;Orizzontale;Sereno;Normale;Buona;Ore Diurne;0;0;0;2;12.4644;41.954;-1;1;Autovettura privata;In marcia / fermata / arresto;Conducente;M;Illeso;0;;Non accertato;Inesploso
4755562;20;17/01/2020 07:50:00;Strada Urbana;VIA CASSIA NUOVA;da specificare;;;;altezza via Inviolatella Borghese;Scontro laterale fra veicoli in marcia;Rettilineo;Una carreggiata a doppio senso;Asciutto;Asfaltata;Orizzontale;Sereno;Normale;Buona;Ore Diurne;0;0;0;2;12.4644;41.954;-1;2;Ciclomotore;In marcia / fermata / arresto;Conducente;M;Illeso;0;;Non accertato;
4755578;20;16/01/2020 21:40:00;Provinciale entro l'abitato;VIA QUERO;all'intersezione con;VIA ANGUILLARESE;VIA ANGUILLARESE;;;Veicolo in marcia contro ostacolo fisso;Intersezione stradale segnalata;Una carreggiata a doppio senso;Asciutto;Asfaltata;Verticale ed orizzontale;Sereno;Scarso;Buona;Sufficiente;1;0;0;0;12.3064;42.041;-1;1;Autobus di linea;In marcia / fermata / arresto;Conducente;M;Rimandato;0;NON DECEDUTO;;
4755600;5;16/01/2020 06:35:00;Strada Urbana;VIALE SACCO E VANZETTI;da specificare;;;;DIR. VIALE P. TOGLIATTI ALT. CIVICO 110;Veicolo in marcia contro veicolo in sosta;Rettilineo;Due carreggiate;Asciutto;Asfaltata;Verticale ed orizzontale;Sereno;Scarso;Buona;Ore Diurne;2;0;0;0;12.5709;41.9104;-1;;;;Pedone;F;Rimandato;0;NON DECEDUTO;;
4755600;5;16/01/2020 06:35:00;Strada Urbana;VIALE SACCO E VANZETTI;da specificare;;;;DIR. VIALE P. TOGLIATTI ALT. CIVICO 110;Veicolo in marcia contro veicolo in sosta;Rettilineo;Due carreggiate;Asciutto;Asfaltata;Verticale ed orizzontale;Sereno;Scarso;Buona;Ore Diurne;2;0;0;0;12.5709;41.9104;-1;1;Autovettura privata;In marcia / fermata / arresto;Conducente;F;Rimandato;0;NON DECEDUTO;Non accertato;Inesploso
4755600;5;16/01/2020 06:35:00;Strada Urbana;VIALE SACCO E VANZETTI;da specificare;;;;DIR. VIALE P. TOGLIATTI ALT. CIVICO 110;Veicolo in marcia contro veicolo in sosta;Rettilineo;Due carreggiate;Asciutto;Asfaltata;Verticale ed orizzontale;Sereno;Scarso;Buona;Ore Diurne;2;0;0;0;12.5709;41.9104;-1;2;Autovettura privata;Sosta;;;;;;;
4755613;12;16/01/2020 14:30:00;Strada Urbana;VIALE DELL'OCEANO ATLANTICO;in prossimità;;del civico n.;3;;Scontro laterale fra veicoli in marcia;Rettilineo;Una carreggiata a doppio senso;Asciutto;Asfaltata;Verticale ed orizzontale;Sereno;Normale;Buona;Ore Diurne;0;0;0;3;12.4797;41.8219;-1;1;Autovettura privata;In marcia / fermata / arresto;Conducente;M;Illeso;0;;;
4755613;12;16/01/2020 14:30:00;Strada Urbana;VIALE DELL'OCEANO ATLANTICO;in prossimità;;del civico n.;3;;Scontro laterale fra veicoli in marcia;Rettilineo;Una carreggiata a doppio senso;Asciutto;Asfaltata;Verticale ed orizzontale;Sereno;Normale;Buona;Ore Diurne;0;0;0;3;12.4797;41.8219;-1;2;Autocarro inferiore 35 q.;In marcia / fermata / arresto;Conducente;M;Illeso;0;;;
4755613;12;16/01/2020 14:30:00;Strada Urbana;VIALE DELL'OCEANO ATLANTICO;in prossimità;;del civico n.;3;;Scontro laterale fra veicoli in marcia;Rettilineo;Una carreggiata a doppio senso;Asciutto;Asfaltata;Verticale ed orizzontale;Sereno;Normale;Buona;Ore Diurne;0;0;0;3;12.4797;41.8219;-1;2;Autocarro inferiore 35 q.;In marcia / fermata / arresto;Passeggero;M;Illeso;0;;;
4755615;5;16/01/2020 08:50:00;Strada Urbana;VIALE ATTILIO BERTOLUCCI;da specificare;;;;FRONTE CIVICO 96;Scontro laterale fra veicoli in marcia;Rettilineo;Una carreggiata a doppio senso;Asciutto;Asfaltata;Verticale ed orizzontale;Sereno;Scarso;Sufficiente;Ore Diurne;0;0;0;2;12.6261;41.9436;-1;1;Autovettura privata;In marcia / fermata / arresto;Conducente;F;Illeso;0;;Non accertato;Inesploso
4755615;5;16/01/2020 08:50:00;Strada Urbana;VIALE ATTILIO BERTOLUCCI;da specificare;;;;FRONTE CIVICO 96;Scontro laterale fra veicoli in marcia;Rettilineo;Una carreggiata a doppio senso;Asciutto;Asfaltata;Verticale ed orizzontale;Sereno;Scarso;Sufficiente;Ore Diurne;0;0;0;2;12.6261;41.9436;-1;2;Autovettura privata;In marcia / fermata / arresto;Conducente;F;Illeso;0;;Non accertato;Inesploso
4755624;5;16/01/2020 10:20:00;Altra strada;VIA TIBURTINA;da specificare;;;;655 (INTERNO AREA PARCHEGGIO EUROSPIN);Veicolo in marcia contro veicolo in sosta;Rettilineo;Una carreggiata a senso unico di marcia;Asciutto;Asfaltata;Orizzontale;Sereno;Scarso;Buona;Ore Diurne;0;0;0;1;12.5478;41.9102;-1;1;Autovettura privata;In marcia / fermata / arresto;Conducente;M;Illeso;0;;Non accertato;Inesploso
4755624;5;16/01/2020 10:20:00;Altra strada;VIA TIBURTINA;da specificare;;;;655 (INTERNO AREA PARCHEGGIO EUROSPIN);Veicolo in marcia contro veicolo in sosta;Rettilineo;Una carreggiata a senso unico di marcia;Asciutto;Asfaltata;Orizzontale;Sereno;Scarso;Buona;Ore Diurne;0;0;0;1;12.5478;41.9102;-1;2;Autovettura privata;Sosta;;;;;;;
4755632;5;16/01/2020 15:30:00;Strada Urbana;VIA FILIPPO FIORENTINI;in corrispondenza;;del civico n.;112;;Scontro laterale fra veicoli in marcia;Rettilineo;Due carreggiate;Asciutto;Asfaltata;Verticale ed orizzontale;Sereno;Intenso;Buona;Ore Diurne;0;0;0;2;12.5565;41.907;-1;1;Autovettura privata;In marcia / fermata / arresto;Conducente;F;Illeso;0;;Non accertato;
4755632;5;16/01/2020 15:30:00;Strada Urbana;VIA FILIPPO FIORENTINI;in corrispondenza;;del civico n.;112;;Scontro laterale fra veicoli in marcia;Rettilineo;Due carreggiate;Asciutto;Asfaltata;Verticale ed orizzontale;Sereno;Intenso;Buona;Ore Diurne;0;0;0;2;12.5565;41.907;-1;2;Autoarticolato;In marcia / fermata / arresto;Conducente;M;Illeso;0;;Non accertato;
4755634;12;16/01/2020 14:30:00;Strada Urbana;VIA DOMENICO JACHINO;in corrispondenza;;del civico n.;171;;Scontro laterale fra veicoli in marcia;Rettilineo;Due carreggiate;Asciutto;Asfaltata;Verticale ed orizzontale;Sereno;Normale;Buona;Ore Diurne;0;0;0;2;12.4489;41.8086;-1;1;Autovettura privata;In marcia / fermata / arresto;Conducente;F;Illeso;0;;;
4755634;12;16/01/2020 14:30:00;Strada Urbana;VIA DOMENICO JACHINO;in corrispondenza;;del civico n.;171;;Scontro laterale fra veicoli in marcia;Rettilineo;Due carreggiate;Asciutto;Asfaltata;Verticale ed orizzontale;Sereno;Normale;Buona;Ore Diurne;0;0;0;2;12.4489;41.8086;-1;2;Motociclo a solo;In marcia / fermata / arresto;Conducente;M;Illeso;0;;Utilizzato;
4755635;4;16/01/2020 12:05:00;Strada Urbana;VIALE CESCO BASEGGIO;all'intersezione con;VIA GIUSEPPE IMER;VIA GIUSEPPE IMER;;;Scontro frontale/laterale SX fra veicoli in marcia;Intersezione stradale segnalata;Due carreggiate;Asciutto;Asfaltata;Verticale ed orizzontale;Sereno;Normale;Buona;Ore Diurne;0;0;0;2;12.5339;41.9671;-1;1;Autovettura privata;In marcia / fermata / arresto;Conducente;F;Illeso;0;;;
4755635;4;16/01/2020 12:05:00;Strada Urbana;VIALE CESCO BASEGGIO;all'intersezione con;VIA GIUSEPPE IMER;VIA GIUSEPPE IMER;;;Scontro frontale/laterale SX fra veicoli in marcia;Intersezione stradale segnalata;Due carreggiate;Asciutto;Asfaltata;Verticale ed orizzontale;Sereno;Normale;Buona;Ore Diurne;0;0;0;2;12.5339;41.9671;-1;2;Autobus di linea;In marcia / fermata / arresto;Conducente;M;Illeso;0;;;
4755637;12;16/01/2020 07:30:00;Strada Urbana;VIA LAURENTINA;da specificare;;;;alt. distributore IP;Scontro laterale fra veicoli in marcia;Rettilineo;Una carreggiata a senso unico di marcia;Bagnato (umidità in atto);Asfaltata;Verticale ed orizzontale;Sereno;Intenso;Buona;Ore Diurne;0;0;0;2;12.4852;41.8101;-1;1;Autovettura privata;In marcia / fermata / arresto;Conducente;M;Illeso;0;;;
4755637;12;16/01/2020 07:30:00;Strada Urbana;VIA LAURENTINA;da specificare;;;;alt. distributore IP;Scontro laterale fra veicoli in marcia;Rettilineo;Una carreggiata a senso unico di marcia;Bagnato (umidità in atto);Asfaltata;Verticale ed orizzontale;Sereno;Intenso;Buona;Ore Diurne;0;0;0;2;12.4852;41.8101;-1;2;Motociclo a solo;In marcia / fermata / arresto;Conducente;M;Illeso;0;;;
4755640;5;16/01/2020 17:25:00;Strada Urbana;VIA TIBURTINA;in prossimità;;del civico n.;1091;;Scontro frontale/laterale SX fra veicoli in marcia;Rettilineo;Due carreggiate;Asciutto;Asfaltata;Verticale;Sereno;Intenso;Buona;Insufficiente;0;0;0;4;12.5864;41.933;-1;1;Autovettura privata;In marcia / fermata / arresto;Conducente;M;Illeso;0;;Non accertato;Inesploso
4755640;5;16/01/2020 17:25:00;Strada Urbana;VIA TIBURTINA;in prossimità;;del civico n.;1091;;Scontro frontale/laterale SX fra veicoli in marcia;Rettilineo;Due carreggiate;Asciutto;Asfaltata;Verticale;Sereno;Intenso;Buona;Insufficiente;0;0;0;4;12.5864;41.933;-1;1;Autovettura privata;In marcia / fermata / arresto;Passeggero;F;Illeso;0;;Non accertato;Inesploso
4755640;5;16/01/2020 17:25:00;Strada Urbana;VIA TIBURTINA;in prossimità;;del civico n.;1091;;Scontro frontale/laterale SX fra veicoli in marcia;Rettilineo;Due carreggiate;Asciutto;Asfaltata;Verticale;Sereno;Intenso;Buona;Insufficiente;0;0;0;4;12.5864;41.933;-1;1;Autovettura privata;In marcia / fermata / arresto;Passeggero;F;Illeso;0;;Non accertato;Inesploso
4755640;5;16/01/2020 17:25:00;Strada Urbana;VIA TIBURTINA;in prossimità;;del civico n.;1091;;Scontro frontale/laterale SX fra veicoli in marcia;Rettilineo;Due carreggiate;Asciutto;Asfaltata;Verticale;Sereno;Intenso;Buona;Insufficiente;0;0;0;4;12.5864;41.933;-1;2;Autobus di linea;In marcia / fermata / arresto;Conducente;M;Illeso;0;;Non accertato;Inesploso
4755641;10;16/01/2020 21:28:00;Strada Urbana;VIA TARANTO;all'intersezione semaforizzata con;VIA MONZA;VIA MONZA;;;Scontro frontale/laterale DX fra veicoli in marcia;Intersezione semaforizzata;Una carreggiata a doppio senso;Asciutto;Asfaltata;Verticale ed orizzontale;Sereno;Normale;Buona;Sufficiente;2;0;0;0;12.515;41.8845;-1;1;Autovettura privata;In marcia / fermata / arresto;Conducente;M;Rimandato;0;NON DECEDUTO;Non accertato;Inesploso
4755641;10;16/01/2020 21:28:00;Strada Urbana;VIA TARANTO;all'intersezione semaforizzata con;VIA MONZA;VIA MONZA;;;Scontro frontale/laterale DX fra veicoli in marcia;Intersezione semaforizzata;Una carreggiata a doppio senso;Asciutto;Asfaltata;Verticale ed orizzontale;Sereno;Normale;Buona;Sufficiente;2;0;0;0;12.515;41.8845;-1;2;Motociclo a solo;In marcia / fermata / arresto;Conducente;M;Ricoverato;0;NON DECEDUTO;Non accertato;
4755649;5;16/01/2020 18:30:00;Strada Urbana;VIA DEI MONTI TIBURTINI;da specificare;;;;FRONTE CIVICO 643;Investimento di pedone;Rettilineo;Due carreggiate;Asciutto;Asfaltata;Orizzontale;Sereno;Normale;Sufficiente;Sufficiente;1;0;0;1;12.5505;41.9146;-1;;;;Pedone;M;Illeso;0;;;
4755649;5;16/01/2020 18:30:00;Strada Urbana;VIA DEI MONTI TIBURTINI;da specificare;;;;FRONTE CIVICO 643;Investimento di pedone;Rettilineo;Due carreggiate;Asciutto;Asfaltata;Orizzontale;Sereno;Normale;Sufficiente;Sufficiente;1;0;0;1;12.5505;41.9146;-1;1;Motociclo a solo;In marcia / fermata / arresto;Conducente;M;Rimandato;0;NON DECEDUTO;Non accertato;
4755651;5;17/01/2020 03:55:00;Strada Urbana;VIA CASTELGUIDONE;in prossimità;;del civico n.;4;;Veicolo in marcia contro ostacolo fisso;Rettilineo;Una carreggiata a senso unico di marcia;Asciutto;Asfaltata;Assente;Sereno;Scarso;Buona;Sufficiente;0;0;0;2;12.5395;41.8988;-1;1;Autovettura di polizia;In marcia / fermata / arresto;Conducente;M;Illeso;0;;Non accertato;Inesploso
4755651;5;17/01/2020 03:55:00;Strada Urbana;VIA CASTELGUIDONE;in prossimità;;del civico n.;4;;Veicolo in marcia contro ostacolo fisso;Rettilineo;Una carreggiata a senso unico di marcia;Asciutto;Asfaltata;Assente;Sereno;Scarso;Buona;Sufficiente;0;0;0;2;12.5395;41.8988;-1;1;Autovettura di polizia;In marcia / fermata / arresto;Passeggero;M;Illeso;0;;Non accertato;Inesploso
4755666;15;16/01/2020 19:00:00;Strada Urbana;VIA DELLA MAGLIANA;da specificare;;;;fronte civico 1025;Scontro frontale fra veicoli in marcia;Rettilineo;Una carreggiata a doppio senso;Asciutto;Asfaltata;Verticale ed orizzontale;Sereno;Intenso;Buona;Sufficiente;1;0;0;1;12.4196;41.8317;-1;1;Autovettura privata;In marcia / fermata / arresto;Conducente;F;Illeso;0;;Non accertato;Esploso
4755666;15;16/01/2020 19:00:00;Strada Urbana;VIA DELLA MAGLIANA;da specificare;;;;fronte civico 1025;Scontro frontale fra veicoli in marcia;Rettilineo;Una carreggiata a doppio senso;Asciutto;Asfaltata;Verticale ed orizzontale;Sereno;Intenso;Buona;Sufficiente;1;0;0;1;12.4196;41.8317;-1;2;Autovettura privata;In marcia / fermata / arresto;Conducente;F;Ricoverato;0;NON DECEDUTO;Non accertato;Esploso
4755676;4;16/01/2020 16:10:00;Strada Urbana;VIA DELLE VALLI;da specificare;;;;in prossimità di via Conca D'Oro;Scontro laterale fra veicoli in marcia;Rettilineo;Due carreggiate;Asciutto;Asfaltata;Verticale ed orizzontale;Sereno;Normale;Buona;Sufficiente;0;0;0;2;12.5241;41.9359;-1;1;Autovettura privata;In marcia / fermata / arresto;Conducente;M;Illeso;0;;Non accertato;Inesploso
4755676;4;16/01/2020 16:10:00;Strada Urbana;VIA DELLE VALLI;da specificare;;;;in prossimità di via Conca D'Oro;Scontro laterale fra veicoli in marcia;Rettilineo;Due carreggiate;Asciutto;Asfaltata;Verticale ed orizzontale;Sereno;Normale;Buona;Sufficiente;0;0;0;2;12.5241;41.9359;-1;2;Autocarro inferiore 35 q.;In marcia / fermata / arresto;Conducente;M;Illeso;0;;Non accertato;Inesploso
4755677;17;16/01/2020 18:40:00;Strada Urbana;VIA GOMENIZZA;all'intersezione con;VIA TEULADA;VIA TEULADA;;;Veicolo in marcia contro veicolo in sosta;Intersezione stradale segnalata;Una carreggiata a doppio senso;Asciutto;Asfaltata;Verticale ed orizzontale;Sereno;Normale;Buona;Sufficiente;0;0;0;1;12.4546;41.9203;-1;1;Autovettura privata;In marcia / fermata / arresto;Conducente;M;Illeso;0;;;
4755677;17;16/01/2020 18:40:00;Strada Urbana;VIA GOMENIZZA;all'intersezione con;VIA TEULADA;VIA TEULADA;;;Veicolo in marcia contro veicolo in sosta;Intersezione stradale segnalata;Una carreggiata a doppio senso;Asciutto;Asfaltata;Verticale ed orizzontale;Sereno;Normale;Buona;Sufficiente;0;0;0;1;12.4546;41.9203;-1;2;Autovettura privata;Sosta;;;;;;;
4755691;12;16/01/2020 07:40:00;Strada Urbana;VIA LAURENTINA;da specificare;;;;ROTATORIA X VALLERANO;Scontro laterale fra veicoli in marcia;Rotatoria;Una carreggiata a senso unico di marcia;Asciutto;Asfaltata;Verticale ed orizzontale;Sereno;Intenso;Buona;Ore Diurne;0;0;0;2;12.4852;41.8101;-1;1;Autovettura privata;In marcia / fermata / arresto;Conducente;M;Illeso;0;;Utilizzato;Inesploso
4755691;12;16/01/2020 07:40:00;Strada Urbana;VIA LAURENTINA;da specificare;;;;ROTATORIA X VALLERANO;Scontro laterale fra veicoli in marcia;Rotatoria;Una carreggiata a senso unico di marcia;Asciutto;Asfaltata;Verticale ed orizzontale;Sereno;Intenso;Buona;Ore Diurne;0;0;0;2;12.4852;41.8101;-1;2;Autovettura privata;In marcia / fermata / arresto;Conducente;M;Illeso;0;;Utilizzato;Inesploso
4755706;10;17/01/2020 03:00:00;Strada Urbana;VIA ROCCA DI PAPA;all'intersezione con;LARGO FALVATERRA;LARGO FALVATERRA;;;Scontro frontale/laterale SX fra veicoli in marcia;Incrocio;Una carreggiata a doppio senso;Asciutto;Asfaltata;Verticale ed orizzontale;Sereno;Scarso;Sufficiente;Sufficiente;1;0;0;1;12.5341;41.8685;-1;1;Autovettura privata;In marcia / fermata / arresto;Conducente;M;Illeso;0;;Non accertato;Inesploso
4755706;10;17/01/2020 03:00:00;Strada Urbana;VIA ROCCA DI PAPA;all'intersezione con;LARGO FALVATERRA;LARGO FALVATERRA;;;Scontro frontale/laterale SX fra veicoli in marcia;Incrocio;Una carreggiata a doppio senso;Asciutto;Asfaltata;Verticale ed orizzontale;Sereno;Scarso;Sufficiente;Sufficiente;1;0;0;1;12.5341;41.8685;-1;2;Motociclo a solo;In marcia / fermata / arresto;Conducente;M;Rimandato;0;NON DECEDUTO;Non accertato;
4755740;12;16/01/2020 08:15:00;Provinciale;VIA PONTINA  (CARREGGIATA COMPLANARE);da specificare;;;;KM. 15.1 DIR.NE POMEZIA ALT. USCITA TOR DE CENCI;Scontro frontale/laterale DX fra veicoli in marcia;Rettilineo;Due carreggiate;Asciutto;Asfaltata;Verticale ed orizzontale;Sereno;Normale;Buona;Ore Diurne;2;0;0;1;12.4522;41.7941;-1;1;Autovettura privata;In marcia / fermata / arresto;Conducente;M;Illeso;0;;Non accertato;Inesploso
4755740;12;16/01/2020 08:15:00;Provinciale;VIA PONTINA  (CARREGGIATA COMPLANARE);da specificare;;;;KM. 15.1 DIR.NE POMEZIA ALT. USCITA TOR DE CENCI;Scontro frontale/laterale DX fra veicoli in marcia;Rettilineo;Due carreggiate;Asciutto;Asfaltata;Verticale ed orizzontale;Sereno;Normale;Buona;Ore Diurne;2;0;0;1;12.4522;41.7941;-1;2;Autovettura di polizia;In marcia / fermata / arresto;Conducente;M;Rimandato;0;NON DECEDUTO;Non accertato;Inesploso
4755740;12;16/01/2020 08:15:00;Provinciale;VIA PONTINA  (CARREGGIATA COMPLANARE);da specificare;;;;KM. 15.1 DIR.NE POMEZIA ALT. USCITA TOR DE CENCI;Scontro frontale/laterale DX fra veicoli in marcia;Rettilineo;Due carreggiate;Asciutto;Asfaltata;Verticale ed orizzontale;Sereno;Normale;Buona;Ore Diurne;2;0;0;1;12.4522;41.7941;-1;2;Autovettura di polizia;In marcia / fermata / arresto;Passeggero;M;Rimandato;0;NON DECEDUTO;;