Protocollo;Gruppo;DataOraIncidente;Localizzazione1;STRADA1;Localizzazione2;STRADA2;Strada02;Chilometrica;DaSpecificare;NaturaIncidente;particolaritastrade;TipoStrada;FondoStradale;Pavimentazione;Segnaletica;CondizioneAtmosferica;Traffico;Visibilita;Illuminazione;NUM_FERITI;NUM_RISERVATA;NUM_MORTI;NUM_ILLESI;Longitude;Latitude;Confermato;Progressivo;TipoVeicolo;StatoVeicolo;TipoPersona;Sesso;Tipolesione;Deceduto;DecedutoDopo;CinturaCascoUtilizzato;Airbag;
4760219;7;20/01/2020 12:00:00;Strada Urbana;VIALE PALMIRO TOGLIATTI;all'intersezione semaforizzata con;VIA DEI PLATANI;VIA DEI PLATANI;;;Tamponamento;Incrocio;Più di due carreggiate;Asciutto;Asfaltata;Verticale ed orizzontale;Sereno;Normale;Buona;Ore Diurne;2;0;0;1;12.5734;41.8808;-1;2;Motociclo a solo;In marcia / fermata / arresto;Conducente;M;Rimandato;0;NON DECEDUTO;;
4760330;12;18/01/2020 14:15:00;Strada Urbana;VIADOTTO DELLA MAGLIANA;da specificare;;;;DOPO HOTEL SHERATON DIR.NE GRA;Scontro frontale fra veicoli in marcia;Curva senza visuale libera;Due carreggiate;Bagnato (pioggia);Asfaltata;Verticale ed orizzontale;Pioggia in atto;Normale;Sufficiente;Ore Diurne;1;0;0;1;12.4701;41.8426;-1;1;Autovettura privata;In marcia / fermata / arresto;Conducente;F;Illeso;0;;Non accertato;Inesploso
4760330;12;18/01/2020 14:15:00;Strada Urbana;VIADOTTO DELLA MAGLIANA;da specificare;;;;DOPO HOTEL SHERATON DIR.NE GRA;Scontro frontale fra veicoli in marcia;Curva senza visuale libera;Due carreggiate;Bagnato (pioggia);Asfaltata;Verticale ed orizzontale;Pioggia in atto;Normale;Sufficiente;Ore Diurne;1;0;0;1;12.4701;41.8426;-1;2;Autovettura privata;In marcia / fermata / arresto;Conducente;M;Rimandato;0;NON DECEDUTO;Non accertato;Inesploso
4760350;17;17/01/2020 18:30:00;Strada Urbana;VIA SABOTINO;all'intersezione con;VIALE ANGELICO;VIALE ANGELICO;;;Scontro frontale fra veicoli in marcia;Incrocio;Due carreggiate;Asciutto;Asfaltata;Verticale ed orizzontale;Sereno;Normale;Sufficiente;Sufficiente;1;0;0;0;12.461;41.9165;-1;1;Motociclo a solo;In marcia / fermata / arresto;Conducente;M;Rimandato;0;NON DECEDUTO;Non accertato;
4760350;17;17/01/2020 18:30:00;Strada Urbana;VIA SABOTINO;all'intersezione con;VIALE ANGELICO;VIALE ANGELICO;;;Scontro frontale fra veicoli in marcia;Incrocio;Due carreggiate;Asciutto;Asfaltata;Verticale ed orizzontale;Sereno;Normale;Sufficiente;Sufficiente;1;0;0;0;12.461;41.9165;-1;2;Autovettura privata;Allontanatosi;;;;;;;
4760354;17;17/01/2020 12:50:00;Strada Urbana;VIA DEGLI SCIPIONI;all'intersezione con;VIA VIRGINIO ORSINI;VIA VIRGINIO ORSINI;;;Scontro frontale/laterale DX fra veicoli in marcia;Incrocio;Una carreggiata a doppio senso;Asciutto;Asfaltata;Verticale ed orizzontale;Sereno;Normale;Buona;Ore Diurne;1;0;0;2;12.4691;41.9112;-1;1;Autovettura privata;In marcia / fermata / arresto;Conducente;F;Illeso;0;;;
4760354;17;17/01/2020 12:50:00;Strada Urbana;VIA DEGLI SCIPIONI;all'intersezione con;VIA VIRGINIO ORSINI;VIA VIRGINIO ORSINI;;;Scontro frontale/laterale DX fra veicoli in marcia;Incrocio;Una carreggiata a doppio senso;Asciutto;Asfaltata;Verticale ed orizzontale;Sereno;Normale;Buona;Ore Diurne;1;0;0;2;12.4691;41.9112;-1;2;Autovettura privata;In marcia / fermata / arresto;Conducente;F;Illeso;0;;;
4760354;17;17/01/2020 12:50:00;Strada Urbana;VIA DEGLI SCIPIONI;all'intersezione con;VIA VIRGINIO ORSINI;VIA VIRGINIO ORSINI;;;Scontro frontale/laterale DX fra veicoli in marcia;Incrocio;Una carreggiata a doppio senso;Asciutto;Asfaltata;Verticale ed orizzontale;Sereno;Normale;Buona;Ore Diurne;1;0;0;2;12.4691;41.9112;-1;3;Motociclo a solo;In marcia / fermata / arresto;Conducente;M;Rimandato;0;NON DECEDUTO;;
4760370;18;18/01/2020 08:30:00;Strada Urbana;CLIVO DI MONTE DEL GALLO;in corrispondenza;;del civico n.;28;;Veicolo in marcia contro ostacolo accidentale;Rettilineo;Una carreggiata a doppio senso;Bagnato (pioggia);In cubetti di porfido;Verticale ed orizzontale;Pioggia in atto;Scarso;Buona;Ore Diurne;1;0;0;0;12.4524;41.8975;-1;1;Motociclo a solo;In marcia / fermata / arresto;Conducente;F;Rifiuta cure immediate;0;NON DECEDUTO;Non accertato;
4760371;12;20/01/2020 10:50:00;Strada Urbana;VIALE DELLA CIVILTA' DEL LAVORO;all'intersezione con;VIALE BEETHOVEN;VIALE BEETHOVEN;;;Scontro frontale/laterale DX fra veicoli in marcia;Incrocio;Due carreggiate;Asciutto;Asfaltata;Verticale ed orizzontale;Nuvoloso;Normale;Buona;Ore Diurne;1;0;0;1;12.4682;41.8358;-1;1;Motociclo a solo;In marcia / fermata / arresto;Conducente;M;Ricoverato;0;NON DECEDUTO;;
4760371;12;20/01/2020 10:50:00;Strada Urbana;VIALE DELLA CIVILTA' DEL LAVORO;all'intersezione con;VIALE BEETHOVEN;VIALE BEETHOVEN;;;Scontro frontale/laterale DX fra veicoli in marcia;Incrocio;Due carreggiate;Asciutto;Asfaltata;Verticale ed orizzontale;Nuvoloso;Normale;Buona;Ore Diurne;1;0;0;1;12.4682;41.8358;-1;2;Autovettura privata;In marcia / fermata / arresto;Conducente;M;Illeso;0;;;
4760382;12;19/01/2020 18:30:00;Provinciale;VIA ARDEATINA;in prossimità;;della chilometrica;19;;Veicolo in marcia contro ostacolo accidentale;Rettilineo;Una carreggiata a doppio senso;Asciutto;Asfaltata;Verticale ed orizzontale;Nuvoloso;Normale;Insufficiente;Insufficiente;0;0;0;3;12.5255;41.8131;-1;1;Autovettura privata;In marcia / fermata / arresto;Conducente;M;Illeso;0;;;
4760382;12;19/01/2020 18:30:00;Provinciale;VIA ARDEATINA;in prossimità;;della chilometrica;19;;Veicolo in marcia contro ostacolo accidentale;Rettilineo;Una carreggiata a doppio senso;Asciutto;Asfaltata;Verticale ed orizzontale;Nuvoloso;Normale;Insufficiente;Insufficiente;0;0;0;3;12.5255;41.8131;-1;1;Autovettura privata;In marcia / fermata / arresto;Passeggero;F;Illeso;0;;;
4760382;12;19/01/2020 18:30:00;Provinciale;VIA ARDEATINA;in prossimità;;della chilometrica;19;;Veicolo in marcia contro ostacolo accidentale;Rettilineo;Una carreggiata a doppio senso;Asciutto;Asfaltata;Verticale ed orizzontale;Nuvoloso;Normale;Insufficiente;Insufficiente;0;0;0;3;12.5255;41.8131;-1;1;Autovettura privata;In marcia / fermata / arresto;Passeggero;M;Illeso;0;;;
4760396;18;19/01/2020 03:00:00;Strada Urbana;VIA DI BOCCEA;in prossimità;;del civico n.;1094;;Veicolo in marcia contro ostacolo accidentale;Rettilineo;Una carreggiata a doppio senso;Asciutto;Asfaltata;Verticale ed orizzontale;Sereno;Scarso;Insufficiente;Insufficiente;0;0;0;1;12.3273;41.9342;-1;1;Autovettura privata;In marcia / fermata / arresto;Conducente;M;Illeso;0;;Non accertato;Inesploso
4760397;12;18/01/2020 20:40:00;Strada Urbana;VIA DI DECIMA;all'intersezione con;VIA OSTIENSE;VIA OSTIENSE;;;Scontro frontale/laterale SX fra veicoli in marcia;Incrocio;Una carreggiata a doppio senso;Bagnato (umidità in atto);Asfaltata;Verticale ed orizzontale;Nuvoloso;Normale;Sufficiente;Sufficiente;1;0;0;1;12.4444;41.8213;-1;1;Autovettura privata;In marcia / fermata / arresto;Conducente;M;Illeso;0;;;
4760397;12;18/01/2020 20:40:00;Strada Urbana;VIA DI DECIMA;all'intersezione con;VIA OSTIENSE;VIA OSTIENSE;;;Scontro frontale/laterale SX fra veicoli in marcia;Incrocio;Una carreggiata a doppio senso;Bagnato (umidità in atto);Asfaltata;Verticale ed orizzontale;Nuvoloso;Normale;Sufficiente;Sufficiente;1;0;0;1;12.4444;41.8213;-1;2;Autovettura privata;In marcia / fermata / arresto;Conducente;M;Rimandato;0;NON DECEDUTO;;
4760398;12;20/01/2020 14:10:00;Provinciale;VIA DELLA SOLFARATA;in prossimità;;della chilometrica;8.8;;Tamponamento;Rettilineo;Una carreggiata a doppio senso;Asciutto;Strada pavimentata dissestata;Verticale ed orizzontale;Nuvoloso;Normale;Buona;Ore Diurne;0;0;0;2;12.5649;41.7113;-1;1;Autovettura privata;In marcia / fermata / arresto;Conducente;F;Illeso;0;;Non accertato;Inesploso
4760398;12;20/01/2020 14:10:00;Provinciale;VIA DELLA SOLFARATA;in prossimità;;della chilometrica;8.8;;Tamponamento;Rettilineo;Una carreggiata a doppio senso;Asciutto;Strada pavimentata dissestata;Verticale ed orizzontale;Nuvoloso;Normale;Buona;Ore Diurne;0;0;0;2;12.5649;41.7113;-1;2;Autovettura privata;In marcia / fermata / arresto;Conducente;F;Illeso;0;;Utilizzato;Inesploso
4760422;18;19/01/2020 23:55:00;Strada Urbana;VIA VINCENZO SARTORI;in prossimità;;del civico n.;90;;Veicolo in marcia contro veicoli in sosta;Rettilineo;Una carreggiata a senso unico di marcia;Asciutto;Asfaltata;Assente;Sereno;Scarso;Sufficiente;Sufficiente;0;0;0;1;12.3939;41.9029;-1;1;Autovettura privata;In marcia / fermata / arresto;Conducente;M;Illeso;0;;Non accertato;Inesploso
4760422;18;19/01/2020 23:55:00;Strada Urbana;VIA VINCENZO SARTORI;in prossimità;;del civico n.;90;;Veicolo in marcia contro veicoli in sosta;Rettilineo;Una carreggiata a senso unico di marcia;Asciutto;Asfaltata;Assente;Sereno;Scarso;Sufficiente;Sufficiente;0;0;0;1;12.3939;41.9029;-1;2;Autovettura privata;Sosta;;;;;;;
4760422;18;19/01/2020 23:55:00;Strada Urbana;VIA VINCENZO SARTORI;in prossimità;;del civico n.;90;;Veicolo in marcia contro veicoli in sosta;Rettilineo;Una carreggiata a senso unico di marcia;Asciutto;Asfaltata;Assente;Sereno;Scarso;Sufficiente;Sufficiente;0;0;0;1;12.3939;41.9029;-1;3;Autovettura privata;Sosta;;;;;;;
4760422;18;19/01/2020 23:55:00;Strada Urbana;VIA VINCENZO SARTORI;in prossimità;;del civico n.;90;;Veicolo in marcia contro veicoli in sosta;Rettilineo;Una carreggiata a senso unico di marcia;Asciutto;Asfaltata;Assente;Sereno;Scarso;Sufficiente;Sufficiente;0;0;0;1;12.3939;41.9029;-1;4;Autovettura privata;Sosta;;;;;;;
4760465;18;20/01/2020 04:30:00;Strada Urbana;VIA AURELIA;da specificare;;;;in prossimità di via Azone;Veicolo in marcia contro ostacolo fisso;Rettilineo;Due carreggiate;Asciutto;Asfaltata;Verticale ed orizzontale;Sereno;Scarso;Sufficiente;Sufficiente;0;0;0;1;12.4256;41.8986;-1;1;Autovettura privata;In marcia / fermata / arresto;Conducente;F;Illeso;0;;Non accertato;Inesploso
4760486;6;20/01/2020 14:00:00;Strada Urbana;VIA SAMPIERO DI BASTELICA;all'intersezione con;VIA RENZO DA CERI;VIA RENZO DA CERI;;;Scontro frontale/laterale DX fra veicoli in marcia;Intersezione stradale segnalata;Una carreggiata a senso unico di marcia;Asciutto;Asfaltata;Verticale ed orizzontale;Sereno;Normale;Buona;Ore Diurne;0;0;0;2;12.5386;41.8906;-1;1;Autovettura privata;In marcia / fermata / arresto;Conducente;M;Illeso;0;;Utilizzato;
4760486;6;20/01/2020 14:00:00;Strada Urbana;VIA SAMPIERO DI BASTELICA;all'intersezione con;VIA RENZO DA CERI;VIA RENZO DA CERI;;;Scontro frontale/laterale DX fra veicoli in marcia;Intersezione stradale segnalata;Una carreggiata a senso unico di marcia;Asciutto;Asfaltata;Verticale ed orizzontale;Sereno;Normale;Buona;Ore Diurne;0;0;0;2;12.5386;41.8906;-1;2;Autovettura privata;In marcia / fermata / arresto;Conducente;M;Illeso;0;;Utilizzato;
4760510;3;18/01/2020 21:55:00;Strada Urbana;CIRCONVALLAZIONE SALARIA;da specificare;;;;pross.tà Ponte delle Valli;Veicolo in marcia contro veicolo in sosta;;Due carreggiate;Asciutto;Asfaltata;Orizzontale;Sereno;Normale;Sufficiente;Sufficiente;0;1;0;0;12.5207;41.9347;0;1;Autovettura privata;In marcia / fermata / arresto;Conducente;M;Prognosi riservata;0;NON DECEDUTO;Non accertato;
4760510;3;18/01/2020 21:55:00;Strada Urbana;CIRCONVALLAZIONE SALARIA;da specificare;;;;pross.tà Ponte delle Valli;Veicolo in marcia contro veicolo in sosta;;Due carreggiate;Asciutto;Asfaltata;Orizzontale;Sereno;Normale;Sufficiente;Sufficiente;0;1;0;0;12.5207;41.9347;0;2;Autocarro inferiore 35 q.;Sosta;;;;;;;
4760539;19;16/01/2020 23:40:00;Strada Urbana;VIA CEVA;in corrispondenza;;del civico n.;33;;Fuoriuscita dalla sede stradale;Rettilineo;Una carreggiata a doppio senso;Asciutto;Strada pavimentata dissestata;Assente;Sereno;Scarso;Insufficiente;Inesistente;0;0;0;0;12.345;41.9631;-1;1;Autovettura privata;In marcia / fermata / arresto;;;;;;;
4760651;12;18/01/2020 13:30:00;Strada Urbana;VIA DI MEZZOCAMMINO;da specificare;;;;altezza VIA A. VITOZZI;Fuoriuscita dalla sede stradale;Rettilineo;Una carreggiata a doppio senso;Asciutto;Asfaltata;Verticale ed orizzontale;Nuvoloso;Normale;Buona;Ore Diurne;1;0;0;0;12.4375;41.79;-1;1;Autovettura privata;In marcia / fermata / arresto;Conducente;M;Rimandato;0;NON DECEDUTO;;
4760663;12;18/01/2020 14:40:00;Strada Urbana;VIA LAURENTINA;in prossimità;;del civico n.;781;;Tamponamento;Rettilineo;Una carreggiata a senso unico di marcia;Bagnato (pioggia);Asfaltata;Verticale ed orizzontale;Pioggia in atto;Normale;Buona;Ore Diurne;2;0;0;0;12.4855;41.8105;-1;1;Autovettura privata;In marcia / fermata / arresto;Conducente;M;Rimandato;0;NON DECEDUTO;Non accertato;Inesploso
4760663;12;18/01/2020 14:40:00;Strada Urbana;VIA LAURENTINA;in prossimità;;del civico n.;781;;Tamponamento;Rettilineo;Una carreggiata a senso unico di marcia;Bagnato (pioggia);Asfaltata;Verticale ed orizzontale;Pioggia in atto;Normale;Buona;Ore Diurne;2;0;0;0;12.4855;41.8105;-1;2;Autovettura privata;In marcia / fermata / arresto;Conducente;F;Rimandato;0;NON DECEDUTO;Non accertato;Inesploso
4760674;12;18/01/2020 12:50:00;Strada Urbana;VIALE CRISTOFORO COLOMBO;da specificare;;;;SVINCOLO DIR.NE HOTEL SHERATON;Scontro laterale fra veicoli in marcia;Curva a visuale libera;Una carreggiata a senso unico di marcia;Bagnato (umidità in atto);Asfaltata;Verticale;Nuvoloso;Normale;Sufficiente;Ore Diurne;0;0;0;4;12.4549;41.8088;-1;1;Autovettura privata;In marcia / fermata / arresto;Conducente;F;Illeso;0;;;
4760674;12;18/01/2020 12:50:00;Strada Urbana;VIALE CRISTOFORO COLOMBO;da specificare;;;;SVINCOLO DIR.NE HOTEL SHERATON;Scontro laterale fra veicoli in marcia;Curva a visuale libera;Una carreggiata a senso unico di marcia;Bagnato (umidità in atto);Asfaltata;Verticale;Nuvoloso;Normale;Sufficiente;Ore Diurne;0;0;0;4;12.4549;41.8088;-1;1;Autovettura privata;In marcia / fermata / arresto;Passeggero;M;Illeso;0;;;
4760674;12;18/01/2020 12:50:00;Strada Urbana;VIALE CRISTOFORO COLOMBO;da specificare;;;;SVINCOLO DIR.NE HOTEL SHERATON;Scontro laterale fra veicoli in marcia;Curva a visuale libera;Una carreggiata a senso unico di marcia;Bagnato (umidità in atto);Asfaltata;Verticale;Nuvoloso;Normale;Sufficiente;Ore Diurne;0;0;0;4;12.4549;41.8088;-1;2;Autovettura privata;In marcia / fermata / arresto;Conducente;M;Illeso;0;;;
4760674;12;18/01/2020 12:50:00;Strada Urbana;VIALE CRISTOFORO COLOMBO;da specificare;;;;SVINCOLO DIR.NE HOTEL SHERATON;Scontro laterale fra veicoli in marcia;Curva a visuale libera;Una carreggiata a senso unico di marcia;Bagnato (umidità in atto);Asfaltata;Verticale;Nuvoloso;Normale;Sufficiente;Ore Diurne;0;0;0;4;12.4549;41.8088;-1;2;Autovettura privata;In marcia / fermata / arresto;Passeggero;F;Illeso;0;;;
4760677;17;18/01/2020 13:10:00;Strada Urbana;VIA CANDIA;in corrispondenza;;del civico n.;73;;Veicolo in marcia contro ostacolo fisso;Rettilineo;Una carreggiata a senso unico di marcia;Bagnato (pioggia);Asfaltata;Verticale ed orizzontale;Pioggia in atto;Scarso;Buona;Ore Diurne;0;0;0;0;12.4531;41.9081;-1;1;Autovettura privata;Sosta;;;;;;;
4760677;17;18/01/2020 13:10:00;Strada Urbana;VIA CANDIA;in corrispondenza;;del civico n.;73;;Veicolo in marcia contro ostacolo fisso;Rettilineo;Una carreggiata a senso unico di marcia;Bagnato (pioggia);Asfaltata;Verticale ed orizzontale;Pioggia in atto;Scarso;Buona;Ore Diurne;0;0;0;0;12.4531;41.9081;-1;2;Velocipede;Allontanatosi;;;;;;;
4760684;16;20/01/2020 07:50:00;Strada Urbana;VIA ETTORE ROLLI;da specificare;;;;CORRISPONDENZA PALO ACEA N.51;Investimento di pedone;Rettilineo;Una carreggiata a doppio senso;Asciutto;Asfaltata;Verticale ed orizzontale;Sereno;Intenso;Buona;Ore Diurne;2;0;0;0;12.4676;41.8743;-1;;;;Pedone;M;Rimandato;0;NON DECEDUTO;;
4760684;16;20/01/2020 07:50:00;Strada Urbana;VIA ETTORE ROLLI;da specificare;;;;CORRISPONDENZA PALO ACEA N.51;Investimento di pedone;Rettilineo;Una carreggiata a doppio senso;Asciutto;Asfaltata;Verticale ed orizzontale;Sereno;Intenso;Buona;Ore Diurne;2;0;0;0;12.4676;41.8743;-1;1;Motociclo a solo;In marcia / fermata / arresto;Conducente;M;Ricoverato;0;NON DECEDUTO;Non accertato;
4760690;12;17/01/2020 17:30:00;Altra strada;VIA DI DECIMA;all'intersezione con;VIA DEL PIANETA TERRA;VIA DEL PIANETA TERRA;;;Scontro frontale fra veicoli in marcia;Incrocio;Una carreggiata a doppio senso;Asciutto;In conglomerato cementizio;Verticale ed orizzontale;Sereno;Normale;Buona;Ore Diurne;0;0;0;4;12.4438;41.821;-1;1;Autovettura privata;In marcia / fermata / arresto;Conducente;F;Illeso;0;;;
4760690;12;17/01/2020 17:30:00;Altra strada;VIA DI DECIMA;all'intersezione con;VIA DEL PIANETA TERRA;VIA DEL PIANETA TERRA;;;Scontro frontale fra veicoli in marcia;Incrocio;Una carreggiata a doppio senso;Asciutto;In conglomerato cementizio;Verticale ed orizzontale;Sereno;Normale;Buona;Ore Diurne;0;0;0;4;12.4438;41.821;-1;2;Autovettura privata;In marcia / fermata / arresto;Conducente;F;Illeso;0;;;
4760690;12;17/01/2020 17:30:00;Altra strada;VIA DI DECIMA;all'intersezione con;VIA DEL PIANETA TERRA;VIA DEL PIANETA TERRA;;;Scontro frontale fra veicoli in marcia;Incrocio;Una carreggiata a doppio senso;Asciutto;In conglomerato cementizio;Verticale ed orizzontale;Sereno;Normale;Buona;Ore Diurne;0;0;0;4;12.4438;41.821;-1;2;Autovettura privata;In marcia / fermata / arresto;Passeggero;F;Illeso;0;;;
4760690;12;17/01/2020 17:30:00;Altra strada;VIA DI DECIMA;all'intersezione con;VIA DEL PIANETA TERRA;VIA DEL PIANETA TERRA;;;Scontro frontale fra veicoli in marcia;Incrocio;Una carreggiata a doppio senso;Asciutto;In conglomerato cementizio;Verticale ed orizzontale;Sereno;Normale;Buona;Ore Diurne;0;0;0;4;12.4438;41.821;-1;2;Autovettura privata;In marcia / fermata / arresto;Passeggero;F;Illeso;0;;;
4760708;11;20/01/2020 17:30:00;Strada Urbana;VIA CRISTOFORO COLOMBO;in prossimità;;del palo luce n.;64;;Tamponamento Multiplo;Rettilineo;Più di due carreggiate;Asciutto;Asfaltata;Verticale ed orizzontale;Sereno;Normale;Buona;Sufficiente;0;0;0;3;12.497;41.8651;-1;1;Autovettura privata;In marcia / fermata / arresto;Conducente;M;Illeso;0;;Non accertato;Esploso
4760708;11;20/01/2020 17:30:00;Strada Urbana;VIA CRISTOFORO COLOMBO;in prossimità;;del palo luce n.;64;;Tamponamento Multiplo;Rettilineo;Più di due carreggiate;Asciutto;Asfaltata;Verticale ed orizzontale;Sereno;Normale;Buona;Sufficiente;0;0;0;3;12.497;41.8651;-1;2;Autovettura privata;In marcia / fermata / arresto;Conducente;M;Illeso;0;;Non accertato;Inesploso
4760708;11;20/01/2020 17:30:00;Strada Urbana;VIA CRISTOFORO COLOMBO;in prossimità;;del palo luce n.;64;;Tamponamento Multiplo;Rettilineo;Più di due carreggiate;Asciutto;Asfaltata;Verticale ed orizzontale;Sereno;Normale;Buona;Sufficiente;0;0;0;3;12.497;41.8651;-1;3;Autovettura privata;In marcia / fermata / arresto;Conducente;F;Illeso;0;;Non accertato;Inesploso
4760716;17;18/01/2020 22:55:00;Strada Urbana;PIAZZA MONTE GRAPPA;all'intersezione semaforizzata con;PONTE DEL RISORGIMENTO;PONTE DEL RISORGIMENTO;;;Scontro frontale/laterale DX fra veicoli in marcia;Incrocio;Una carreggiata a doppio senso;Asciutto;Asfaltata;Verticale ed orizzontale;Sereno;Normale;Sufficiente;Sufficiente;2;0;0;2;12.4693;41.9187;-1;1;Autovettura privata;In marcia / fermata / arresto;Conducente;F;Illeso;0;;;
4760716;17;18/01/2020 22:55:00;Strada Urbana;PIAZZA MONTE GRAPPA;all'intersezione semaforizzata con;PONTE DEL RISORGIMENTO;PONTE DEL RISORGIMENTO;;;Scontro frontale/laterale DX fra veicoli in marcia;Incrocio;Una carreggiata a doppio senso;Asciutto;Asfaltata;Verticale ed orizzontale;Sereno;Normale;Sufficiente;Sufficiente;2;0;0;2;12.4693;41.9187;-1;1;Autovettura privata;In marcia / fermata / arresto;Passeggero;M;Illeso;0;;;
4760716;17;18/01/2020 22:55:00;Strada Urbana;PIAZZA MONTE GRAPPA;all'intersezione semaforizzata con;PONTE DEL RISORGIMENTO;PONTE DEL RISORGIMENTO;;;Scontro frontale/laterale DX fra veicoli in marcia;Incrocio;Una carreggiata a doppio senso;Asciutto;Asfaltata;Verticale ed orizzontale;Sereno;Normale;Sufficiente;Sufficiente;2;0;0;2;12.4693;41.9187;-1;2;Autovettura di polizia;In marcia / fermata / arresto;Conducente;M;Rifiuta cure immediate;0;NON DECEDUTO;;
4760716;17;18/01/2020 22:55:00;Strada Urbana;PIAZZA MONTE GRAPPA;all'intersezione semaforizzata con;PONTE DEL RISORGIMENTO;PONTE DEL RISORGIMENTO;;;Scontro frontale/laterale DX fra veicoli in marcia;Incrocio;Una carreggiata a doppio senso;Asciutto;Asfaltata;Verticale ed orizzontale;Sereno;Normale;Sufficiente;Sufficiente;2;0;0;2;12.4693;41.9187;-1;2;Autovettura di polizia;In marcia / fermata / arresto;Passeggero;M;Rifiuta cure immediate;0;NON DECEDUTO;;
4760722;8;20/01/2020 12:40:00;Statale entro l'abitato;VIA CASILINA;in corrispondenza;;del civico n.;1096;;Scontro frontale fra veicoli in marcia;Rettilineo;Una carreggiata a doppio senso;Asciutto;Asfaltata;Orizzontale;Nuvoloso;Normale;Buona;Ore Diurne;0;1;0;4;12.5952;41.8667;-1;1;Motociclo a solo;In marcia / fermata / arresto;Conducente;M;Prognosi riservata;0;NON DECEDUTO;;
4760722;8;20/01/2020 12:40:00;Statale entro l'abitato;VIA CASILINA;in corrispondenza;;del civico n.;1096;;Scontro frontale fra veicoli in marcia;Rettilineo;Una carreggiata a doppio senso;Asciutto;Asfaltata;Orizzontale;Nuvoloso;Normale;Buona;Ore Diurne;0;1;0;4;12.5952;41.8667;-1;2;Autovettura privata;In marcia / fermata / arresto;Conducente;M;Illeso;0;;;
4760722;8;20/01/2020 12:40:00;Statale entro l'abitato;VIA CASILINA;in corrispondenza;;del civico n.;1096;;Scontro frontale fra veicoli in marcia;Rettilineo;Una carreggiata a doppio senso;Asciutto;Asfaltata;Orizzontale;Nuvoloso;Normale;Buona;Ore Diurne;0;1;0;4;12.5952;41.8667;-1;2;Autovettura privata;In marcia / fermata / arresto;Passeggero;M;Illeso;0;;;
4760722;8;20/01/2020 12:40:00;Statale entro l'abitato;VIA CASILINA;in corrispondenza;;del civico n.;1096;;Scontro frontale fra veicoli in marcia;Rettilineo;Una carreggiata a doppio senso;Asciutto;Asfaltata;Orizzontale;Nuvoloso;Normale;Buona;Ore Diurne;0;1;0;4;12.5952;41.8667;-1;2;Autovettura privata;In marcia / fermata / arresto;Passeggero;M;Illeso;0;;;
4760724;17;18/01/2020 11:36:00;Strada Urbana;VIALE VATICANO;in corrispondenza;;del civico n.;56;;Infortunio per caduta del veicolo;Rettilineo;Una carreggiata a doppio senso;Bagnato (pioggia);Asfaltata;Verticale ed orizzontale;Nuvoloso;Normale;Buona;Ore Diurne;1;0;0;1;12.4486;41.9043;-1;1;Motociclo a solo;In marcia / fermata / arresto;Conducente;M;Illeso;0;;;
4760724;17;18/01/2020 11:36:00;Strada Urbana;VIALE VATICANO;in corrispondenza;;del civico n.;56;;Infortunio per caduta del veicolo;Rettilineo;Una carreggiata a doppio senso;Bagnato (pioggia);Asfaltata;Verticale ed orizzontale;Nuvoloso;Normale;Buona;Ore Diurne;1;0;0;1;12.4486;41.9043;-1;1;Motociclo a solo;In marcia / fermata / arresto;Passeggero;F;Rimandato;0;NON DECEDUTO;;
4760796;12;18/01/2020 09:00:00;Strada Urbana;VIALE CRISTOFORO COLOMBO;da specificare;;;;DIR.NE ROMA CENTRO ALT. DISTRIBUTORE EWAPOINT;Scontro frontale fra veicoli in marcia;Curva a visuale libera;Due carreggiate;Bagnato (pioggia);Asfaltata;Verticale ed orizzontale;Pioggia in atto;Normale;Buona;Ore Diurne;2;0;0;4;12.46;41.8131;-1;1;Autovettura privata;In marcia / fermata / arresto;Conducente;F;Illeso;0;;Utilizzato;Inesploso
4760796;12;18/01/2020 09:00:00;Strada Urbana;VIALE CRISTOFORO COLOMBO;da specificare;;;;DIR.NE ROMA CENTRO ALT. DISTRIBUTORE EWAPOINT;Scontro frontale fra veicoli in marcia;Curva a visuale libera;Due carreggiate;Bagnato (pioggia);Asfaltata;Verticale ed orizzontale;Pioggia in atto;Normale;Buona;Ore Diurne;2;0;0;4;12.46;41.8131;-1;2;Autovettura privata;In marcia / fermata / arresto;Conducente;M;Illeso;0;;Utilizzato;Inesploso
4760796;12;18/01/2020 09:00:00;Strada Urbana;VIALE CRISTOFORO COLOMBO;da specificare;;;;DIR.NE ROMA CENTRO ALT. DISTRIBUTORE EWAPOINT;Scontro frontale fra veicoli in marcia;Curva a visuale libera;Due carreggiate;Bagnato (pioggia);Asfaltata;Verticale ed orizzontale;Pioggia in atto;Normale;Buona;Ore Diurne;2;0;0;4;12.46;41.8131;-1;2;Autovettura privata;In marcia / fermata / arresto;Passeggero;F;Illeso;0;;Utilizzato;Esploso
4760796;12;18/01/2020 09:00:00;Strada Urbana;VIALE CRISTOFORO COLOMBO;da specificare;;;;DIR.NE ROMA CENTRO ALT. DISTRIBUTORE EWAPOINT;Scontro frontale fra veicoli in marcia;Curva a visuale libera;Due carreggiate;Bagnato (pioggia);Asfaltata;Verticale ed orizzontale;Pioggia in atto;Normale;Buona;Ore Diurne;2;0;0;4;12.46;41.8131;-1;2;Autovettura privata;In marcia / fermata / arresto;Passeggero;F;Rimandato;0;NON DECEDUTO;Utilizzato;Inesploso