Protocollo;Gruppo;DataOraIncidente;Localizzazione1;STRADA1;Localizzazione2;STRADA2;Strada02;Chilometrica;DaSpecificare;NaturaIncidente;particolaritastrade;TipoStrada;FondoStradale;Pavimentazione;Segnaletica;CondizioneAtmosferica;Traffico;Visibilita;Illuminazione;NUM_FERITI;NUM_RISERVATA;NUM_MORTI;NUM_ILLESI;Longitude;Latitude;Confermato;Progressivo;TipoVeicolo;StatoVeicolo;TipoPersona;Sesso;Tipolesione;Deceduto;DecedutoDopo;CinturaCascoUtilizzato;Airbag;
4761187;10;20/01/2020 16:45:00;Strada Urbana;VIA TUSCOLANA;in corrispondenza;;del civico n.;1558;;Tamponamento Multiplo;Rettilineo;Due carreggiate;Asciutto;Asfaltata;Verticale ed orizzontale;Sereno;Normale;Buona;Ore Diurne;2;0;0;3;12.5729;41.8501;-1;4;Autovettura privata;In marcia / fermata / arresto;Conducente;M;Illeso;0;;Non accertato;Inesploso
4761188;18;20/01/2020 12:50:00;Strada Urbana;VIA BALDO DEGLI UBALDI;in corrispondenza;;del civico n.;31;;Scontro laterale fra veicoli in marcia;Pendenza;Due carreggiate;Asciutto;Asfaltata;Orizzontale;Nuvoloso;Normale;Sufficiente;Ore Diurne;0;0;0;2;12.4311;41.8985;-1;1;Autovettura privata;In marcia / fermata / arresto;Conducente;F;Illeso;0;;Non accertato;Inesploso
4761188;18;20/01/2020 12:50:00;Strada Urbana;VIA BALDO DEGLI UBALDI;in corrispondenza;;del civico n.;31;;Scontro laterale fra veicoli in marcia;Pendenza;Due carreggiate;Asciutto;Asfaltata;Orizzontale;Nuvoloso;Normale;Sufficiente;Ore Diurne;0;0;0;2;12.4311;41.8985;-1;2;Autovettura privata;In marcia / fermata / arresto;Conducente;F;Illeso;0;;Non accertato;Inesploso
4761190;7;20/01/2020 14:00:00;Strada Urbana;VIA DEI FAGGI;all'intersezione con;VIA DEGLI ELCI;VIA DEGLI ELCI;;;Scontro laterale fra veicoli in marcia;Incrocio;Una carreggiata a doppio senso;Asciutto;Asfaltata;Verticale ed orizzontale;Nuvoloso;Normale;Buona;Ore Diurne;0;0;0;3;12.5668;41.8841;-1;1;Autovettura privata;In marcia / fermata / arresto;Conducente;M;Illeso;0;;;
4761190;7;20/01/2020 14:00:00;Strada Urbana;VIA DEI FAGGI;all'intersezione con;VIA DEGLI ELCI;VIA DEGLI ELCI;;;Scontro laterale fra veicoli in marcia;Incrocio;Una carreggiata a doppio senso;Asciutto;Asfaltata;Verticale ed orizzontale;Nuvoloso;Normale;Buona;Ore Diurne;0;0;0;3;12.5668;41.8841;-1;1;Autovettura privata;In marcia / fermata / arresto;Passeggero;F;Illeso;0;;;
4761190;7;20/01/2020 14:00:00;Strada Urbana;VIA DEI FAGGI;all'intersezione con;VIA DEGLI ELCI;VIA DEGLI ELCI;;;Scontro laterale fra veicoli in marcia;Incrocio;Una carreggiata a doppio senso;Asciutto;Asfaltata;Verticale ed orizzontale;Nuvoloso;Normale;Buona;Ore Diurne;0;0;0;3;12.5668;41.8841;-1;2;Autocarro inferiore 35 q.;In marcia / fermata / arresto;Conducente;M;Illeso;0;;;
4761196;3;18/01/2020 13:05:00;Strada Urbana;VIALE DI VILLA MASSIMO;all'intersezione con;VIA ALESSANDRO TORLONIA;VIA ALESSANDRO TORLONIA;;;Scontro laterale fra veicoli in marcia;Intersezione semaforizzata;Una carreggiata a senso unico di marcia;Bagnato (pioggia);Asfaltata;Verticale ed orizzontale;Pioggia in atto;Normale;Buona;Ore Diurne;0;0;0;2;12.5159;41.9138;-1;1;Motociclo a solo;In marcia / fermata / arresto;Conducente;M;Illeso;0;;Non accertato;
4761196;3;18/01/2020 13:05:00;Strada Urbana;VIALE DI VILLA MASSIMO;all'intersezione con;VIA ALESSANDRO TORLONIA;VIA ALESSANDRO TORLONIA;;;Scontro laterale fra veicoli in marcia;Intersezione semaforizzata;Una carreggiata a senso unico di marcia;Bagnato (pioggia);Asfaltata;Verticale ed orizzontale;Pioggia in atto;Normale;Buona;Ore Diurne;0;0;0;2;12.5159;41.9138;-1;2;Autovettura privata;In marcia / fermata / arresto;Conducente;F;Illeso;0;;Non accertato;
4761202;12;20/01/2020 20:30:00;Strada Urbana;VIA DI ACQUA ACETOSA OSTIENSE;in prossimità;;del palo luce n.;31;;Scontro frontale/laterale SX fra veicoli in marcia;Rettilineo;Una carreggiata a doppio senso;Asciutto;Asfaltata;Verticale ed orizzontale;Nuvoloso;Normale;Buona;Sufficiente;2;0;0;0;12.4691;41.804;-1;1;Autovettura privata;In marcia / fermata / arresto;Conducente;M;Rimandato;0;NON DECEDUTO;Utilizzato;Inesploso
4761202;12;20/01/2020 20:30:00;Strada Urbana;VIA DI ACQUA ACETOSA OSTIENSE;in prossimità;;del palo luce n.;31;;Scontro frontale/laterale SX fra veicoli in marcia;Rettilineo;Una carreggiata a doppio senso;Asciutto;Asfaltata;Verticale ed orizzontale;Nuvoloso;Normale;Buona;Sufficiente;2;0;0;0;12.4691;41.804;-1;2;Autovettura privata;In marcia / fermata / arresto;Conducente;M;Rimandato;0;NON DECEDUTO;Non accertato;Esploso
4761208;13;20/01/2020 13:15:00;Provinciale entro l'abitato;VIA OSTIENSE;in prossimità;;del civico n.;2679;;Scontro laterale fra veicoli in marcia;Rettilineo;Più di due carreggiate;Asciutto;Asfaltata;Verticale;Nuvoloso;Normale;Buona;Ore Diurne;0;0;0;2;12.2821;41.7373;-1;1;Autovettura privata;In marcia / fermata / arresto;Conducente;M;Illeso;0;;Esente;Inesploso
4761208;13;20/01/2020 13:15:00;Provinciale entro l'abitato;VIA OSTIENSE;in prossimità;;del civico n.;2679;;Scontro laterale fra veicoli in marcia;Rettilineo;Più di due carreggiate;Asciutto;Asfaltata;Verticale;Nuvoloso;Normale;Buona;Ore Diurne;0;0;0;2;12.2821;41.7373;-1;2;Autovettura privata;In marcia / fermata / arresto;Conducente;F;Illeso;0;;Non accertato;Inesploso
4761209;4;20/01/2020 15:30:00;Strada Urbana;VIA MATTEO BANDELLO;all'intersezione con;VIA FRANCO SACCHETTI;VIA FRANCO SACCHETTI;;;Scontro frontale/laterale SX fra veicoli in marcia;Intersezione stradale segnalata;Una carreggiata a doppio senso;Asciutto;Asfaltata;Verticale ed orizzontale;Sereno;Normale;Buona;Ore Diurne;1;0;0;1;12.5424;41.9459;-1;1;Autovettura privata;In marcia / fermata / arresto;Conducente;F;Illeso;0;;Non accertato;Inesploso
4761209;4;20/01/2020 15:30:00;Strada Urbana;VIA MATTEO BANDELLO;all'intersezione con;VIA FRANCO SACCHETTI;VIA FRANCO SACCHETTI;;;Scontro frontale/laterale SX fra veicoli in marcia;Intersezione stradale segnalata;Una carreggiata a doppio senso;Asciutto;Asfaltata;Verticale ed orizzontale;Sereno;Normale;Buona;Ore Diurne;1;0;0;1;12.5424;41.9459;-1;2;Motociclo a solo;In marcia / fermata / arresto;Conducente;M;Rifiuta cure immediate;0;NON DECEDUTO;Non accertato;
4761211;10;20/01/2020 15:30:00;Strada Urbana;VIALE MARCO FULVIO NOBILIORE;in corrispondenza;;del civico n.;100;;Veicolo in marcia contro ostacolo accidentale;Rettilineo;Due carreggiate;Asciutto;Asfaltata;Verticale;Nuvoloso;Scarso;Buona;Ore Diurne;0;0;0;1;12.5666;41.8612;-1;1;Autovettura privata;In marcia / fermata / arresto;Conducente;M;Illeso;0;;Non accertato;Inesploso
4761221;18;20/01/2020 17:00:00;Strada Urbana;LARGO ALESSANDRO CARAVILLANI;all'intersezione semaforizzata con;VIA ACCURSIO;VIA ACCURSIO;;;Scontro laterale fra veicoli in marcia;Intersezione semaforizzata;Due carreggiate;Asciutto;Asfaltata;Verticale ed orizzontale;Sereno;Normale;Buona;Sufficiente;0;0;0;2;12.4272;41.8995;-1;1;Motociclo a solo;In marcia / fermata / arresto;Conducente;M;Illeso;0;;;
4761221;18;20/01/2020 17:00:00;Strada Urbana;LARGO ALESSANDRO CARAVILLANI;all'intersezione semaforizzata con;VIA ACCURSIO;VIA ACCURSIO;;;Scontro laterale fra veicoli in marcia;Intersezione semaforizzata;Due carreggiate;Asciutto;Asfaltata;Verticale ed orizzontale;Sereno;Normale;Buona;Sufficiente;0;0;0;2;12.4272;41.8995;-1;2;Autovettura privata;In marcia / fermata / arresto;Conducente;F;Illeso;0;;;
4761235;3;18/01/2020 11:45:00;Strada Urbana;VIALE DELLO SCALO S. LORENZO;da specificare;;;;civ 16;Scontro frontale/laterale DX fra veicoli in marcia;Rettilineo;Più di due carreggiate;Bagnato (pioggia);Asfaltata;Verticale ed orizzontale;Nuvoloso;Intenso;Sufficiente;Ore Diurne;0;0;0;3;12.5167;41.894;-1;1;Autovettura privata;In marcia / fermata / arresto;Conducente;M;Illeso;0;;Non accertato;Inesploso
4761235;3;18/01/2020 11:45:00;Strada Urbana;VIALE DELLO SCALO S. LORENZO;da specificare;;;;civ 16;Scontro frontale/laterale DX fra veicoli in marcia;Rettilineo;Più di due carreggiate;Bagnato (pioggia);Asfaltata;Verticale ed orizzontale;Nuvoloso;Intenso;Sufficiente;Ore Diurne;0;0;0;3;12.5167;41.894;-1;2;Autovettura privata;In marcia / fermata / arresto;Conducente;M;Illeso;0;;Non accertato;Inesploso
4761235;3;18/01/2020 11:45:00;Strada Urbana;VIALE DELLO SCALO S. LORENZO;da specificare;;;;civ 16;Scontro frontale/laterale DX fra veicoli in marcia;Rettilineo;Più di due carreggiate;Bagnato (pioggia);Asfaltata;Verticale ed orizzontale;Nuvoloso;Intenso;Sufficiente;Ore Diurne;0;0;0;3;12.5167;41.894;-1;3;Autovettura privata;In marcia / fermata / arresto;Conducente;M;Illeso;0;;Non accertato;Inesploso
4761254;1;20/01/2020 13:00:00;Strada Urbana;LUNGOTEVERE DE' CENCI;all'intersezione semaforizzata con;PONTE GARIBALDI;PONTE GARIBALDI;;;Tamponamento;Intersezione semaforizzata;Una carreggiata a senso unico di marcia;Asciutto;Asfaltata;Verticale ed orizzontale;Nuvoloso;Normale;Buona;Ore Diurne;2;0;0;1;12.4765;41.8919;-1;1;Autocarro inferiore 35 q.;In marcia / fermata / arresto;Conducente;M;Illeso;0;;;
4761254;1;20/01/2020 13:00:00;Strada Urbana;LUNGOTEVERE DE' CENCI;all'intersezione semaforizzata con;PONTE GARIBALDI;PONTE GARIBALDI;;;Tamponamento;Intersezione semaforizzata;Una carreggiata a senso unico di marcia;Asciutto;Asfaltata;Verticale ed orizzontale;Nuvoloso;Normale;Buona;Ore Diurne;2;0;0;1;12.4765;41.8919;-1;2;Autovettura privata;In marcia / fermata / arresto;Conducente;F;Rimandato;0;NON DECEDUTO;;
4761254;1;20/01/2020 13:00:00;Strada Urbana;LUNGOTEVERE DE' CENCI;all'intersezione semaforizzata con;PONTE GARIBALDI;PONTE GARIBALDI;;;Tamponamento;Intersezione semaforizzata;Una carreggiata a senso unico di marcia;Asciutto;Asfaltata;Verticale ed orizzontale;Nuvoloso;Normale;Buona;Ore Diurne;2;0;0;1;12.4765;41.8919;-1;2;Autovettura privata;In marcia / fermata / arresto;Passeggero;M;Rimandato;0;NON DECEDUTO;Non accertato;Inesploso
4761255;3;18/01/2020 05:40:00;Strada Urbana;VIA CATANIA;da specificare;;;;civ 42;Tamponamento Multiplo;Rettilineo;Più di due carreggiate;Bagnato (pioggia);Asfaltata;Verticale ed orizzontale;Pioggia in atto;Scarso;Sufficiente;Sufficiente;0;0;0;4;12.5186;41.9101;-1;1;Autovettura privata;In marcia / fermata / arresto;Conducente;M;Illeso;0;;Non accertato;Inesploso
4761255;3;18/01/2020 05:40:00;Strada Urbana;VIA CATANIA;da specificare;;;;civ 42;Tamponamento Multiplo;Rettilineo;Più di due carreggiate;Bagnato (pioggia);Asfaltata;Verticale ed orizzontale;Pioggia in atto;Scarso;Sufficiente;Sufficiente;0;0;0;4;12.5186;41.9101;-1;1;Autovettura privata;In marcia / fermata / arresto;Passeggero;M;Illeso;0;;Non accertato;Inesploso
4761255;3;18/01/2020 05:40:00;Strada Urbana;VIA CATANIA;da specificare;;;;civ 42;Tamponamento Multiplo;Rettilineo;Più di due carreggiate;Bagnato (pioggia);Asfaltata;Verticale ed orizzontale;Pioggia in atto;Scarso;Sufficiente;Sufficiente;0;0;0;4;12.5186;41.9101;-1;2;Autovettura privata;In marcia / fermata / arresto;Conducente;F;Illeso;0;;Non accertato;Inesploso
4761255;3;18/01/2020 05:40:00;Strada Urbana;VIA CATANIA;da specificare;;;;civ 42;Tamponamento Multiplo;Rettilineo;Più di due carreggiate;Bagnato (pioggia);Asfaltata;Verticale ed orizzontale;Pioggia in atto;Scarso;Sufficiente;Sufficiente;0;0;0;4;12.5186;41.9101;-1;3;Autovettura privata;In marcia / fermata / arresto;Conducente;M;Illeso;0;;Non accertato;Inesploso
4761255;3;18/01/2020 05:40:00;Strada Urbana;VIA CATANIA;da specificare;;;;civ 42;Tamponamento Multiplo;Rettilineo;Più di due carreggiate;Bagnato (pioggia);Asfaltata;Verticale ed orizzontale;Pioggia in atto;Scarso;Sufficiente;Sufficiente;0;0;0;4;12.5186;41.9101;-1;4;Autovettura privata;Sosta;;;;;;;
4761271;13;20/01/2020 13:00:00;Strada Urbana;VIA PADRE ANTONIO COCCHI;in prossimità;;del civico n.;36;;Scontro frontale fra veicoli in marcia;Curva a visuale libera;Una carreggiata a doppio senso;Asciutto;Asfaltata;Assente;Sereno;Normale;Buona;Ore Diurne;0;0;0;3;12.377;41.7835;-1;1;Autovettura privata;In marcia / fermata / arresto;Conducente;F;Illeso;0;;Non accertato;Inesploso
4761271;13;20/01/2020 13:00:00;Strada Urbana;VIA PADRE ANTONIO COCCHI;in prossimità;;del civico n.;36;;Scontro frontale fra veicoli in marcia;Curva a visuale libera;Una carreggiata a doppio senso;Asciutto;Asfaltata;Assente;Sereno;Normale;Buona;Ore Diurne;0;0;0;3;12.377;41.7835;-1;2;Autovettura privata;In marcia / fermata / arresto;Conducente;M;Illeso;0;;Non accertato;Inesploso
4761271;13;20/01/2020 13:00:00;Strada Urbana;VIA PADRE ANTONIO COCCHI;in prossimità;;del civico n.;36;;Scontro frontale fra veicoli in marcia;Curva a visuale libera;Una carreggiata a doppio senso;Asciutto;Asfaltata;Assente;Sereno;Normale;Buona;Ore Diurne;0;0;0;3;12.377;41.7835;-1;2;Autovettura privata;In marcia / fermata / arresto;Passeggero;F;Illeso;0;;Non accertato;Inesploso
4761284;13;20/01/2020 21:55:00;Strada Urbana;VIA LIDO DI CASTEL PORZIANO;all'intersezione con;VIALE DI CASTEL PORZIANO;VIALE DI CASTEL PORZIANO;;;Tamponamento;Intersezione stradale segnalata;Una carreggiata a doppio senso;Asciutto;Asfaltata;Verticale;Sereno;Normale;Sufficiente;Sufficiente;2;0;0;1;12.3507;41.7181;-1;1;Autovettura privata;In marcia / fermata / arresto;Conducente;M;Illeso;0;;Non accertato;Inesploso
4761284;13;20/01/2020 21:55:00;Strada Urbana;VIA LIDO DI CASTEL PORZIANO;all'intersezione con;VIALE DI CASTEL PORZIANO;VIALE DI CASTEL PORZIANO;;;Tamponamento;Intersezione stradale segnalata;Una carreggiata a doppio senso;Asciutto;Asfaltata;Verticale;Sereno;Normale;Sufficiente;Sufficiente;2;0;0;1;12.3507;41.7181;-1;2;Motociclo con passeggero;In marcia / fermata / arresto;Conducente;M;Rimandato;0;NON DECEDUTO;Non accertato;
4761284;13;20/01/2020 21:55:00;Strada Urbana;VIA LIDO DI CASTEL PORZIANO;all'intersezione con;VIALE DI CASTEL PORZIANO;VIALE DI CASTEL PORZIANO;;;Tamponamento;Intersezione stradale segnalata;Una carreggiata a doppio senso;Asciutto;Asfaltata;Verticale;Sereno;Normale;Sufficiente;Sufficiente;2;0;0;1;12.3507;41.7181;-1;2;Motociclo con passeggero;In marcia / fermata / arresto;Passeggero;M;Rimandato;0;NON DECEDUTO;Non accertato;
4761294;3;18/01/2020 01:20:00;Strada Urbana;PIAZZA DELLE MUSE;da specificare;;;;fronte civico 9;Veicolo in marcia contro veicoli in sosta;Rettilineo;Una carreggiata a doppio senso;Asciutto;Asfaltata;Verticale ed orizzontale;Sereno;Scarso;Sufficiente;Sufficiente;0;0;0;1;12.4905;41.9303;-1;1;Quadriciclo leggero;In marcia / fermata / arresto;Conducente;M;Illeso;0;;Non accertato;Inesploso
4761294;3;18/01/2020 01:20:00;Strada Urbana;PIAZZA DELLE MUSE;da specificare;;;;fronte civico 9;Veicolo in marcia contro veicoli in sosta;Rettilineo;Una carreggiata a doppio senso;Asciutto;Asfaltata;Verticale ed orizzontale;Sereno;Scarso;Sufficiente;Sufficiente;0;0;0;1;12.4905;41.9303;-1;2;Quadriciclo;Sosta;;;;;;;
4761294;3;18/01/2020 01:20:00;Strada Urbana;PIAZZA DELLE MUSE;da specificare;;;;fronte civico 9;Veicolo in marcia contro veicoli in sosta;Rettilineo;Una carreggiata a doppio senso;Asciutto;Asfaltata;Verticale ed orizzontale;Sereno;Scarso;Sufficiente;Sufficiente;0;0;0;1;12.4905;41.9303;-1;3;Autovettura privata;Allontanatosi;;;;;;;
4761300;16;20/01/2020 17:30:00;Strada Urbana;VIA DI DONNA OLIMPIA;in corrispondenza;;del civico n.;223;;Scontro frontale fra veicoli in marcia;Rettilineo;Una carreggiata a doppio senso;Asciutto;Asfaltata;Verticale ed orizzontale;Nuvoloso;Normale;Buona;Sufficiente;0;0;0;2;12.4568;41.8741;-1;1;Autovettura privata;In marcia / fermata / arresto;Conducente;M;Illeso;0;;Non accertato;Inesploso
4761300;16;20/01/2020 17:30:00;Strada Urbana;VIA DI DONNA OLIMPIA;in corrispondenza;;del civico n.;223;;Scontro frontale fra veicoli in marcia;Rettilineo;Una carreggiata a doppio senso;Asciutto;Asfaltata;Verticale ed orizzontale;Nuvoloso;Normale;Buona;Sufficiente;0;0;0;2;12.4568;41.8741;-1;2;Autovettura privata;In marcia / fermata / arresto;Conducente;M;Illeso;0;;Non accertato;Inesploso
4761308;18;20/01/2020 15:45:00;Strada Urbana;VIA DEL CASALE DI S. PIO V;all'intersezione con;VIA CARDINAL PACCA;VIA CARDINAL PACCA;;;Scontro frontale fra veicoli in marcia;Intersezione stradale segnalata;Una carreggiata a doppio senso;Asciutto;Asfaltata;Verticale ed orizzontale;Sereno;Normale;Buona;Ore Diurne;1;0;0;2;12.4322;41.8924;-1;1;Autovettura privata;In marcia / fermata / arresto;Conducente;M;Illeso;0;;;
4761308;18;20/01/2020 15:45:00;Strada Urbana;VIA DEL CASALE DI S. PIO V;all'intersezione con;VIA CARDINAL PACCA;VIA CARDINAL PACCA;;;Scontro frontale fra veicoli in marcia;Intersezione stradale segnalata;Una carreggiata a doppio senso;Asciutto;Asfaltata;Verticale ed orizzontale;Sereno;Normale;Buona;Ore Diurne;1;0;0;2;12.4322;41.8924;-1;1;Autovettura privata;In marcia / fermata / arresto;Passeggero;F;Illeso;0;;;
4761308;18;20/01/2020 15:45:00;Strada Urbana;VIA DEL CASALE DI S. PIO V;all'intersezione con;VIA CARDINAL PACCA;VIA CARDINAL PACCA;;;Scontro frontale fra veicoli in marcia;Intersezione stradale segnalata;Una carreggiata a doppio senso;Asciutto;Asfaltata;Verticale ed orizzontale;Sereno;Normale;Buona;Ore Diurne;1;0;0;2;12.4322;41.8924;-1;2;Motociclo a solo;In marcia / fermata / arresto;Conducente;M;Ricoverato;0;NON DECEDUTO;;
4761308;18;20/01/2020 15:45:00;Strada Urbana;VIA DEL CASALE DI S. PIO V;all'intersezione con;VIA CARDINAL PACCA;VIA CARDINAL PACCA;;;Scontro frontale fra veicoli in marcia;Intersezione stradale segnalata;Una carreggiata a doppio senso;Asciutto;Asfaltata;Verticale ed orizzontale;Sereno;Normale;Buona;Ore Diurne;1;0;0;2;12.4322;41.8924;-1;3;Autovettura privata;Sosta;;;;;;;
4761310;3;18/01/2020;Strada Urbana;SOTTOVIA IGNAZIO GUIDI;da specificare;;;;pross imm da via Nomentana;Ribaltamento senza urto contro ostacolo fisso;Rettilineo;Una carreggiata a senso unico di marcia;Asciutto;Asfaltata;Verticale ed orizzontale;Sereno;Scarso;Sufficiente;Sufficiente;1;0;0;0;12.5014;41.9096;-1;1;Autovettura privata;In marcia / fermata / arresto;Conducente;M;Rimandato;0;NON DECEDUTO;Non accertato;Inesploso
4761317;3;20/01/2020 09:00:00;Strada Urbana;VIA DELLA BATTERIA NOMENTANA;da specificare;;;;fr civ 100;Scontro frontale fra veicoli in marcia;Rotatoria;Una carreggiata a senso unico di marcia;Asciutto;Asfaltata;Verticale ed orizzontale;Nuvoloso;Normale;Buona;Ore Diurne;1;0;0;1;12.526;41.9266;-1;1;Ciclomotore con passeggero;In marcia / fermata / arresto;Conducente;F;Rimandato;0;NON DECEDUTO;;
4761317;3;20/01/2020 09:00:00;Strada Urbana;VIA DELLA BATTERIA NOMENTANA;da specificare;;;;fr civ 100;Scontro frontale fra veicoli in marcia;Rotatoria;Una carreggiata a senso unico di marcia;Asciutto;Asfaltata;Verticale ed orizzontale;Nuvoloso;Normale;Buona;Ore Diurne;1;0;0;1;12.526;41.9266;-1;2;Autobus in extraurbana;In marcia / fermata / arresto;Conducente;M;Illeso;0;;;
4761319;4;20/01/2020 19:00:00;Strada Urbana;VIA DELLA BUFALOTTA;in prossimità;;del civico n.;fc. 1011;;Scontro laterale fra veicoli in marcia;Rettilineo;Una carreggiata a doppio senso;Asciutto;Asfaltata;Verticale ed orizzontale;Sereno;Normale;Sufficiente;Sufficiente;1;0;0;1;12.5833;41.8711;-1;1;Autovettura privata;In marcia / fermata / arresto;Conducente;M;Illeso;0;;Non accertato;Inesploso
4761319;4;20/01/2020 19:00:00;Strada Urbana;VIA DELLA BUFALOTTA;in prossimità;;del civico n.;fc. 1011;;Scontro laterale fra veicoli in marcia;Rettilineo;Una carreggiata a doppio senso;Asciutto;Asfaltata;Verticale ed orizzontale;Sereno;Normale;Sufficiente;Sufficiente;1;0;0;1;12.5833;41.8711;-1;2;Motociclo a solo;In marcia / fermata / arresto;Conducente;M;Rimandato;0;NON DECEDUTO;Non accertato;
4761332;2;21/01/2020 01:30:00;Strada Urbana;VIA UGO OJETTI;in corrispondenza;;del civico n.;18;;Tamponamento;Rettilineo;Due carreggiate;Asciutto;Asfaltata;Verticale ed orizzontale;Sereno;Scarso;Buona;Sufficiente;2;0;0;2;12.5485;41.9438;0;1;Autovettura privata;In marcia / fermata / arresto;Conducente;M;Rimandato;0;NON DECEDUTO;Non accertato;
4761332;2;21/01/2020 01:30:00;Strada Urbana;VIA UGO OJETTI;in corrispondenza;;del civico n.;18;;Tamponamento;Rettilineo;Due carreggiate;Asciutto;Asfaltata;Verticale ed orizzontale;Sereno;Scarso;Buona;Sufficiente;2;0;0;2;12.5485;41.9438;0;1;Autovettura privata;In marcia / fermata / arresto;Passeggero;F;Rimandato;0;NON DECEDUTO;Non accertato;
4761332;2;21/01/2020 01:30:00;Strada Urbana;VIA UGO OJETTI;in corrispondenza;;del civico n.;18;;Tamponamento;Rettilineo;Due carreggiate;Asciutto;Asfaltata;Verticale ed orizzontale;Sereno;Scarso;Buona;Sufficiente;2;0;0;2;12.5485;41.9438;0;2;Autovettura privata;In marcia / fermata / arresto;Conducente;M;Illeso;0;;Non accertato;
4761332;2;21/01/2020 01:30:00;Strada Urbana;VIA UGO OJETTI;in corrispondenza;;del civico n.;18;;Tamponamento;Rettilineo;Due carreggiate;Asciutto;Asfaltata;Verticale ed orizzontale;Sereno;Scarso;Buona;Sufficiente;2;0;0;2;12.5485;41.9438;0;2;Autovettura privata;In marcia / fermata / arresto;Passeggero;M;Illeso;0;;Non accertato;
4761332;2;21/01/2020 01:30:00;Strada Urbana;VIA UGO OJETTI;in corrispondenza;;del civico n.;18;;Tamponamento;Rettilineo;Due carreggiate;Asciutto;Asfaltata;Verticale ed orizzontale;Sereno;Scarso;Buona;Sufficiente;2;0;0;2;12.5485;41.9438;0;3;Autovettura privata;Sosta;;;;;;;
4761332;2;21/01/2020 01:30:00;Strada Urbana;VIA UGO OJETTI;in corrispondenza;;del civico n.;18;;Tamponamento;Rettilineo;Due carreggiate;Asciutto;Asfaltata;Verticale ed orizzontale;Sereno;Scarso;Buona;Sufficiente;2;0;0;2;12.5485;41.9438;0;4;Autovettura privata;Sosta;;;;;;;
4761332;2;21/01/2020 01:30:00;Strada Urbana;VIA UGO OJETTI;in corrispondenza;;del civico n.;18;;Tamponamento;Rettilineo;Due carreggiate;Asciutto;Asfaltata;Verticale ed orizzontale;Sereno;Scarso;Buona;Sufficiente;2;0;0;2;12.5485;41.9438;0;5;Autovettura privata;Sosta;;;;;;;
4761332;2;21/01/2020 01:30:00;Strada Urbana;VIA UGO OJETTI;in corrispondenza;;del civico n.;18;;Tamponamento;Rettilineo;Due carreggiate;Asciutto;Asfaltata;Verticale ed orizzontale;Sereno;Scarso;Buona;Sufficiente;2;0;0;2;12.5485;41.9438;0;6;Autovettura privata;Sosta;;;;;;;
4761333;3;20/01/2020 11:50:00;Strada Urbana;VIA ORESTE TOMMASINI;da specificare;;;;civ 15;Veicolo in marcia contro ostacolo accidentale;Rettilineo;Una carreggiata a senso unico di marcia;Asciutto;Asfaltata;Verticale ed orizzontale;Nuvoloso;Scarso;Sufficiente;Ore Diurne;0;0;0;1;12.5244;41.9193;-1;1;Autovettura privata;In marcia / fermata / arresto;Conducente;F;Illeso;0;;;
4761385;10;21/01/2020 08:15:00;Strada Urbana;VIA TUSCOLANA;da specificare;;;; dopo V.Occorsio dir. GRAalt. Fermata bus n.74 677;Tamponamento;Rettilineo;Due carreggiate;Asciutto;Asfaltata;Verticale ed orizzontale;Sereno;Intenso;Buona;Ore Diurne;0;0;0;2;12.584;41.8428;-1;1;Autovettura privata;In marcia / fermata / arresto;Conducente;F;Illeso;0;;Non accertato;Inesploso
4761385;10;21/01/2020 08:15:00;Strada Urbana;VIA TUSCOLANA;da specificare;;;; dopo V.Occorsio dir. GRAalt. Fermata bus n.74 677;Tamponamento;Rettilineo;Due carreggiate;Asciutto;Asfaltata;Verticale ed orizzontale;Sereno;Intenso;Buona;Ore Diurne;0;0;0;2;12.584;41.8428;-1;2;Autovettura privata;In marcia / fermata / arresto;Conducente;F;Illeso;0;;Non accertato;Inesploso
4761396;7;20/01/2020 16:00:00;Strada Urbana;VIA FRANCESCO VITALINI;in corrispondenza;;del civico n.;55;;Scontro frontale/laterale SX fra veicoli in marcia;Rettilineo;Una carreggiata a senso unico di marcia;Asciutto;Asfaltata;Assente;Sereno;Scarso;Buona;Sufficiente;0;0;0;2;12.6095;41.9094;-1;1;Autovettura privata;In marcia / fermata / arresto;Conducente;M;Illeso;0;;;
4761396;7;20/01/2020 16:00:00;Strada Urbana;VIA FRANCESCO VITALINI;in corrispondenza;;del civico n.;55;;Scontro frontale/laterale SX fra veicoli in marcia;Rettilineo;Una carreggiata a senso unico di marcia;Asciutto;Asfaltata;Assente;Sereno;Scarso;Buona;Sufficiente;0;0;0;2;12.6095;41.9094;-1;2;Autovettura privata;In marcia / fermata / arresto;Conducente;F;Illeso;0;;;
4761401;16;20/01/2020 19:55:00;Strada Urbana;VIA LAURA MANTEGAZZA;all'intersezione con;VIA S. VINCENZO DE' PAOLI;VIA S. VINCENZO DE' PAOLI;;;Scontro laterale fra veicoli in marcia;Incrocio;Una carreggiata a senso unico di marcia;Asciutto;Asfaltata;Verticale ed orizzontale;Sereno;Scarso;Buona;Sufficiente;0;0;0;2;12.456;41.8714;-1;1;Autovettura privata;In marcia / fermata / arresto;Conducente;M;Illeso;0;;Non accertato;Inesploso
4761401;16;20/01/2020 19:55:00;Strada Urbana;VIA LAURA MANTEGAZZA;all'intersezione con;VIA S. VINCENZO DE' PAOLI;VIA S. VINCENZO DE' PAOLI;;;Scontro laterale fra veicoli in marcia;Incrocio;Una carreggiata a senso unico di marcia;Asciutto;Asfaltata;Verticale ed orizzontale;Sereno;Scarso;Buona;Sufficiente;0;0;0;2;12.456;41.8714;-1;2;Autovettura privata;In marcia / fermata / arresto;Conducente;F;Illeso;0;;Non accertato;Inesploso