Protocollo;Gruppo;DataOraIncidente;Localizzazione1;STRADA1;Localizzazione2;STRADA2;Strada02;Chilometrica;DaSpecificare;NaturaIncidente;particolaritastrade;TipoStrada;FondoStradale;Pavimentazione;Segnaletica;CondizioneAtmosferica;Traffico;Visibilita;Illuminazione;NUM_FERITI;NUM_RISERVATA;NUM_MORTI;NUM_ILLESI;Longitude;Latitude;Confermato;Progressivo;TipoVeicolo;StatoVeicolo;TipoPersona;Sesso;Tipolesione;Deceduto;DecedutoDopo;CinturaCascoUtilizzato;Airbag;
4763175;9;21/01/2020 20:10:00;Strada Urbana;VIA BIAGIO PETROCELLI;da specificare;;;;altezza LARGO ANDREA BERARDI;Scontro laterale fra veicoli in marcia;Rettilineo;Una carreggiata a doppio senso;Asciutto;Asfaltata;Verticale ed orizzontale;Sereno;Scarso;Buona;Ore Diurne;0;0;0;4;12.6088;41.8391;-1;2;Autovettura privata;In marcia / fermata / arresto;Passeggero;F;Illeso;0;;Non accertato;Inesploso
4763187;7;21/01/2020 12:00:00;Strada Urbana;VIALE ALESSANDRINO;all'intersezione con;VIALE DELLA BELLA VILLA;VIALE DELLA BELLA VILLA;;;Scontro frontale/laterale DX fra veicoli in marcia;Incrocio;Una carreggiata a senso unico di marcia;Asciutto;Asfaltata;Assente;Sereno;Normale;Buona;Ore Diurne;0;0;0;3;12.5814;41.8824;-1;1;Autovettura privata;In marcia / fermata / arresto;Conducente;M;Illeso;0;;;
4763187;7;21/01/2020 12:00:00;Strada Urbana;VIALE ALESSANDRINO;all'intersezione con;VIALE DELLA BELLA VILLA;VIALE DELLA BELLA VILLA;;;Scontro frontale/laterale DX fra veicoli in marcia;Incrocio;Una carreggiata a senso unico di marcia;Asciutto;Asfaltata;Assente;Sereno;Normale;Buona;Ore Diurne;0;0;0;3;12.5814;41.8824;-1;1;Autovettura privata;In marcia / fermata / arresto;Passeggero;M;Illeso;0;;;
4763187;7;21/01/2020 12:00:00;Strada Urbana;VIALE ALESSANDRINO;all'intersezione con;VIALE DELLA BELLA VILLA;VIALE DELLA BELLA VILLA;;;Scontro frontale/laterale DX fra veicoli in marcia;Incrocio;Una carreggiata a senso unico di marcia;Asciutto;Asfaltata;Assente;Sereno;Normale;Buona;Ore Diurne;0;0;0;3;12.5814;41.8824;-1;2;Autovettura privata;In marcia / fermata / arresto;Conducente;M;Illeso;0;;;
4763189;4;21/01/2020 09:15:00;Provinciale entro l'abitato;VIA NOMENTANA;in prossimità;;del civico n.;557;;Scontro laterale fra veicoli in marcia;Rettilineo;Più di due carreggiate;Asciutto;Asfaltata;Verticale ed orizzontale;Sereno;Normale;Buona;Ore Diurne;0;0;0;2;12.5281;41.9323;-1;1;Autovettura privata;In marcia / fermata / arresto;Conducente;F;Illeso;0;;;
4763189;4;21/01/2020 09:15:00;Provinciale entro l'abitato;VIA NOMENTANA;in prossimità;;del civico n.;557;;Scontro laterale fra veicoli in marcia;Rettilineo;Più di due carreggiate;Asciutto;Asfaltata;Verticale ed orizzontale;Sereno;Normale;Buona;Ore Diurne;0;0;0;2;12.5281;41.9323;-1;2;Autovettura privata;In marcia / fermata / arresto;Conducente;M;Illeso;0;;;
4763193;18;22/01/2020 07:50:00;Statale;VIA AURELIA;da specificare;;;;in prossimità di Via di Acquafredda;Tamponamento;Curva senza visuale libera;Due carreggiate;Asciutto;Asfaltata;Verticale ed orizzontale;Sereno;Intenso;Buona;Ore Diurne;0;0;0;4;12.3894;41.886;-1;1;Autovettura privata;In marcia / fermata / arresto;Conducente;M;Illeso;0;;Non accertato;
4763193;18;22/01/2020 07:50:00;Statale;VIA AURELIA;da specificare;;;;in prossimità di Via di Acquafredda;Tamponamento;Curva senza visuale libera;Due carreggiate;Asciutto;Asfaltata;Verticale ed orizzontale;Sereno;Intenso;Buona;Ore Diurne;0;0;0;4;12.3894;41.886;-1;1;Autovettura privata;In marcia / fermata / arresto;Passeggero;F;Illeso;0;;Non accertato;Inesploso
4763193;18;22/01/2020 07:50:00;Statale;VIA AURELIA;da specificare;;;;in prossimità di Via di Acquafredda;Tamponamento;Curva senza visuale libera;Due carreggiate;Asciutto;Asfaltata;Verticale ed orizzontale;Sereno;Intenso;Buona;Ore Diurne;0;0;0;4;12.3894;41.886;-1;2;Autovettura privata;In marcia / fermata / arresto;Conducente;M;Illeso;0;;Non accertato;
4763193;18;22/01/2020 07:50:00;Statale;VIA AURELIA;da specificare;;;;in prossimità di Via di Acquafredda;Tamponamento;Curva senza visuale libera;Due carreggiate;Asciutto;Asfaltata;Verticale ed orizzontale;Sereno;Intenso;Buona;Ore Diurne;0;0;0;4;12.3894;41.886;-1;2;Autovettura privata;In marcia / fermata / arresto;Passeggero;M;Illeso;0;;Non accertato;Inesploso
4763200;13;21/01/2020 12:05:00;Strada Urbana;VIA DI SAPONARA;all'intersezione con;VIALE ENRICO ORTOLANI;VIALE ENRICO ORTOLANI;;;Scontro frontale/laterale SX fra veicoli in marcia;Incrocio;Una carreggiata a doppio senso;Asciutto;Asfaltata;Verticale;Sereno;Normale;Buona;Ore Diurne;0;0;0;3;12.3537;41.7772;-1;1;Autovettura privata;In marcia / fermata / arresto;Conducente;F;Illeso;0;;Non accertato;Inesploso
4763200;13;21/01/2020 12:05:00;Strada Urbana;VIA DI SAPONARA;all'intersezione con;VIALE ENRICO ORTOLANI;VIALE ENRICO ORTOLANI;;;Scontro frontale/laterale SX fra veicoli in marcia;Incrocio;Una carreggiata a doppio senso;Asciutto;Asfaltata;Verticale;Sereno;Normale;Buona;Ore Diurne;0;0;0;3;12.3537;41.7772;-1;2;Autovettura privata;In marcia / fermata / arresto;Conducente;M;Illeso;0;;Non accertato;Inesploso
4763200;13;21/01/2020 12:05:00;Strada Urbana;VIA DI SAPONARA;all'intersezione con;VIALE ENRICO ORTOLANI;VIALE ENRICO ORTOLANI;;;Scontro frontale/laterale SX fra veicoli in marcia;Incrocio;Una carreggiata a doppio senso;Asciutto;Asfaltata;Verticale;Sereno;Normale;Buona;Ore Diurne;0;0;0;3;12.3537;41.7772;-1;2;Autovettura privata;In marcia / fermata / arresto;Passeggero;F;Illeso;0;;Non accertato;Inesploso
4763206;3;21/01/2020 13:40:00;Strada Urbana;VIA DELLA STAZIONE TIBURTINA;da specificare;;;;prossimità ingresso TIBUS;Veicolo in marcia contro veicolo in sosta;Rettilineo;Una carreggiata a senso unico di marcia;Asciutto;Asfaltata;Verticale ed orizzontale;Sereno;Normale;Buona;Ore Diurne;0;0;0;1;12.5304;41.9097;-1;1;Autovettura privata;In marcia / fermata / arresto;Conducente;M;Illeso;0;;Non accertato;Inesploso
4763206;3;21/01/2020 13:40:00;Strada Urbana;VIA DELLA STAZIONE TIBURTINA;da specificare;;;;prossimità ingresso TIBUS;Veicolo in marcia contro veicolo in sosta;Rettilineo;Una carreggiata a senso unico di marcia;Asciutto;Asfaltata;Verticale ed orizzontale;Sereno;Normale;Buona;Ore Diurne;0;0;0;1;12.5304;41.9097;-1;2;Autobus di linea;Sosta;;;;;;;
4763216;17;21/01/2020 17:00:00;Strada Urbana;VIALE DEI CAVALIERI DI VITTORIO VENETO;in corrispondenza;;del palo luce n.;17;;Tamponamento Multiplo;Curva a visuale libera;Una carreggiata a senso unico di marcia;Asciutto;Asfaltata;Orizzontale;Sereno;Intenso;Sufficiente;Ore Diurne;0;0;0;6;12.4504;41.9207;-1;1;Autovettura privata;In marcia / fermata / arresto;Conducente;M;Illeso;0;;;
4763216;17;21/01/2020 17:00:00;Strada Urbana;VIALE DEI CAVALIERI DI VITTORIO VENETO;in corrispondenza;;del palo luce n.;17;;Tamponamento Multiplo;Curva a visuale libera;Una carreggiata a senso unico di marcia;Asciutto;Asfaltata;Orizzontale;Sereno;Intenso;Sufficiente;Ore Diurne;0;0;0;6;12.4504;41.9207;-1;2;Autovettura privata;In marcia / fermata / arresto;Conducente;F;Illeso;0;;;
4763216;17;21/01/2020 17:00:00;Strada Urbana;VIALE DEI CAVALIERI DI VITTORIO VENETO;in corrispondenza;;del palo luce n.;17;;Tamponamento Multiplo;Curva a visuale libera;Una carreggiata a senso unico di marcia;Asciutto;Asfaltata;Orizzontale;Sereno;Intenso;Sufficiente;Ore Diurne;0;0;0;6;12.4504;41.9207;-1;2;Autovettura privata;In marcia / fermata / arresto;Passeggero;F;Illeso;0;;;
4763216;17;21/01/2020 17:00:00;Strada Urbana;VIALE DEI CAVALIERI DI VITTORIO VENETO;in corrispondenza;;del palo luce n.;17;;Tamponamento Multiplo;Curva a visuale libera;Una carreggiata a senso unico di marcia;Asciutto;Asfaltata;Orizzontale;Sereno;Intenso;Sufficiente;Ore Diurne;0;0;0;6;12.4504;41.9207;-1;3;Autovettura privata;In marcia / fermata / arresto;Conducente;M;Illeso;0;;;
4763216;17;21/01/2020 17:00:00;Strada Urbana;VIALE DEI CAVALIERI DI VITTORIO VENETO;in corrispondenza;;del palo luce n.;17;;Tamponamento Multiplo;Curva a visuale libera;Una carreggiata a senso unico di marcia;Asciutto;Asfaltata;Orizzontale;Sereno;Intenso;Sufficiente;Ore Diurne;0;0;0;6;12.4504;41.9207;-1;3;Autovettura privata;In marcia / fermata / arresto;Passeggero;F;Illeso;0;;;
4763216;17;21/01/2020 17:00:00;Strada Urbana;VIALE DEI CAVALIERI DI VITTORIO VENETO;in corrispondenza;;del palo luce n.;17;;Tamponamento Multiplo;Curva a visuale libera;Una carreggiata a senso unico di marcia;Asciutto;Asfaltata;Orizzontale;Sereno;Intenso;Sufficiente;Ore Diurne;0;0;0;6;12.4504;41.9207;-1;4;Autovettura privata;In marcia / fermata / arresto;Conducente;M;Illeso;0;;;
4763222;13;21/01/2020 16:40:00;Strada Urbana;VIA ORAZIO AMATO;da specificare;;;;prossimità Via T. Signorini;Scontro laterale fra veicoli in marcia;Rettilineo;Una carreggiata a doppio senso;Asciutto;Asfaltata;Verticale;Sereno;Intenso;Buona;Ore Diurne;0;0;0;3;12.3602;41.7772;-1;1;Autovettura privata;In marcia / fermata / arresto;Conducente;M;Illeso;0;;Non accertato;Inesploso
4763222;13;21/01/2020 16:40:00;Strada Urbana;VIA ORAZIO AMATO;da specificare;;;;prossimità Via T. Signorini;Scontro laterale fra veicoli in marcia;Rettilineo;Una carreggiata a doppio senso;Asciutto;Asfaltata;Verticale;Sereno;Intenso;Buona;Ore Diurne;0;0;0;3;12.3602;41.7772;-1;1;Autovettura privata;In marcia / fermata / arresto;Passeggero;M;Illeso;0;;Non accertato;Inesploso
4763222;13;21/01/2020 16:40:00;Strada Urbana;VIA ORAZIO AMATO;da specificare;;;;prossimità Via T. Signorini;Scontro laterale fra veicoli in marcia;Rettilineo;Una carreggiata a doppio senso;Asciutto;Asfaltata;Verticale;Sereno;Intenso;Buona;Ore Diurne;0;0;0;3;12.3602;41.7772;-1;2;Autovettura privata;In marcia / fermata / arresto;Conducente;F;Illeso;0;;Non accertato;
4763230;4;21/01/2020 12:20:00;Strada Urbana;VIA VIRGILIO TALLI;all'intersezione con;VIA PIAN DI SCO;VIA PIAN DI SCO;;;Scontro laterale fra veicoli in marcia;Incrocio;Una carreggiata a doppio senso;Asciutto;Asfaltata;Verticale ed orizzontale;Sereno;Normale;Buona;Ore Diurne;0;0;0;3;12.5183;41.9648;-1;1;Autovettura privata;In marcia / fermata / arresto;Conducente;M;Illeso;0;;;
4763230;4;21/01/2020 12:20:00;Strada Urbana;VIA VIRGILIO TALLI;all'intersezione con;VIA PIAN DI SCO;VIA PIAN DI SCO;;;Scontro laterale fra veicoli in marcia;Incrocio;Una carreggiata a doppio senso;Asciutto;Asfaltata;Verticale ed orizzontale;Sereno;Normale;Buona;Ore Diurne;0;0;0;3;12.5183;41.9648;-1;1;Autovettura privata;In marcia / fermata / arresto;Passeggero;F;Illeso;0;;;
4763230;4;21/01/2020 12:20:00;Strada Urbana;VIA VIRGILIO TALLI;all'intersezione con;VIA PIAN DI SCO;VIA PIAN DI SCO;;;Scontro laterale fra veicoli in marcia;Incrocio;Una carreggiata a doppio senso;Asciutto;Asfaltata;Verticale ed orizzontale;Sereno;Normale;Buona;Ore Diurne;0;0;0;3;12.5183;41.9648;-1;2;Autovettura privata;In marcia / fermata / arresto;Conducente;M;Illeso;0;;;
4763232;1;21/01/2020 18:10:00;Strada Urbana;VIA GARIBALDI;in prossimità;;del palo luce n.;48;;Scontro frontale/laterale DX fra veicoli in marcia;Curva a visuale libera;Una carreggiata a doppio senso;Asciutto;Asfaltata;Verticale ed orizzontale;Sereno;Scarso;Sufficiente;Sufficiente;0;0;0;2;12.4654;41.8878;0;1;Autovettura privata;In marcia / fermata / arresto;Conducente;M;Illeso;0;;Non accertato;Inesploso
4763232;1;21/01/2020 18:10:00;Strada Urbana;VIA GARIBALDI;in prossimità;;del palo luce n.;48;;Scontro frontale/laterale DX fra veicoli in marcia;Curva a visuale libera;Una carreggiata a doppio senso;Asciutto;Asfaltata;Verticale ed orizzontale;Sereno;Scarso;Sufficiente;Sufficiente;0;0;0;2;12.4654;41.8878;0;2;Macchina operatrice;In marcia / fermata / arresto;Conducente;M;Illeso;0;;Non accertato;Inesploso
4763251;4;21/01/2020 09:00:00;Strada Urbana;VIALE TITINA DE FILIPPO;da specificare;;;;150 mt prima di Via T. Pica direz. V. L. Cavalieri;Scontro laterale fra veicoli in marcia;Rettilineo;Due carreggiate;Asciutto;Asfaltata;Verticale ed orizzontale;Sereno;Normale;Buona;Ore Diurne;0;0;0;3;12.5165;41.9667;-1;1;Autovettura privata;In marcia / fermata / arresto;Conducente;M;Illeso;0;;Non accertato;Inesploso
4763251;4;21/01/2020 09:00:00;Strada Urbana;VIALE TITINA DE FILIPPO;da specificare;;;;150 mt prima di Via T. Pica direz. V. L. Cavalieri;Scontro laterale fra veicoli in marcia;Rettilineo;Due carreggiate;Asciutto;Asfaltata;Verticale ed orizzontale;Sereno;Normale;Buona;Ore Diurne;0;0;0;3;12.5165;41.9667;-1;1;Autovettura privata;In marcia / fermata / arresto;Passeggero;F;Illeso;0;;Non accertato;Inesploso
4763251;4;21/01/2020 09:00:00;Strada Urbana;VIALE TITINA DE FILIPPO;da specificare;;;;150 mt prima di Via T. Pica direz. V. L. Cavalieri;Scontro laterale fra veicoli in marcia;Rettilineo;Due carreggiate;Asciutto;Asfaltata;Verticale ed orizzontale;Sereno;Normale;Buona;Ore Diurne;0;0;0;3;12.5165;41.9667;-1;2;Autovettura privata;In marcia / fermata / arresto;Conducente;M;Illeso;0;;Non accertato;Inesploso
4763264;4;21/01/2020 13:00:00;Strada Urbana;VIA NICOLA MALDACEA;all'intersezione con;VIA GASPARE PACCHIAROTTI;VIA GASPARE PACCHIAROTTI;;;Scontro frontale/laterale SX fra veicoli in marcia;Incrocio;Una carreggiata a doppio senso;Asciutto;Asfaltata;Verticale ed orizzontale;Sereno;Normale;Buona;Ore Diurne;0;0;0;4;12.5137;41.9632;-1;1;Autovettura privata;In marcia / fermata / arresto;Conducente;F;Illeso;0;;Non accertato;
4763264;4;21/01/2020 13:00:00;Strada Urbana;VIA NICOLA MALDACEA;all'intersezione con;VIA GASPARE PACCHIAROTTI;VIA GASPARE PACCHIAROTTI;;;Scontro frontale/laterale SX fra veicoli in marcia;Incrocio;Una carreggiata a doppio senso;Asciutto;Asfaltata;Verticale ed orizzontale;Sereno;Normale;Buona;Ore Diurne;0;0;0;4;12.5137;41.9632;-1;1;Autovettura privata;In marcia / fermata / arresto;Passeggero;M;Illeso;0;;Non accertato;
4763264;4;21/01/2020 13:00:00;Strada Urbana;VIA NICOLA MALDACEA;all'intersezione con;VIA GASPARE PACCHIAROTTI;VIA GASPARE PACCHIAROTTI;;;Scontro frontale/laterale SX fra veicoli in marcia;Incrocio;Una carreggiata a doppio senso;Asciutto;Asfaltata;Verticale ed orizzontale;Sereno;Normale;Buona;Ore Diurne;0;0;0;4;12.5137;41.9632;-1;1;Autovettura privata;In marcia / fermata / arresto;Passeggero;F;Illeso;0;;Non accertato;
4763264;4;21/01/2020 13:00:00;Strada Urbana;VIA NICOLA MALDACEA;all'intersezione con;VIA GASPARE PACCHIAROTTI;VIA GASPARE PACCHIAROTTI;;;Scontro frontale/laterale SX fra veicoli in marcia;Incrocio;Una carreggiata a doppio senso;Asciutto;Asfaltata;Verticale ed orizzontale;Sereno;Normale;Buona;Ore Diurne;0;0;0;4;12.5137;41.9632;-1;2;Autovettura privata;In marcia / fermata / arresto;Conducente;M;Illeso;0;;Non accertato;
4763277;17;21/01/2020 17:35:00;Strada Urbana;VIA IGEA;in prossimità;;del civico n.;44;;Scontro frontale/laterale SX fra veicoli in marcia;Rettilineo;Una carreggiata a doppio senso;Asciutto;Asfaltata;Verticale ed orizzontale;Sereno;Intenso;Sufficiente;Sufficiente;0;0;0;2;12.4423;41.9347;-1;1;Autovettura privata;In marcia / fermata / arresto;Conducente;F;Illeso;0;;Non utilizzato;Inesploso
4763277;17;21/01/2020 17:35:00;Strada Urbana;VIA IGEA;in prossimità;;del civico n.;44;;Scontro frontale/laterale SX fra veicoli in marcia;Rettilineo;Una carreggiata a doppio senso;Asciutto;Asfaltata;Verticale ed orizzontale;Sereno;Intenso;Sufficiente;Sufficiente;0;0;0;2;12.4423;41.9347;-1;2;Motociclo a solo;In marcia / fermata / arresto;Conducente;F;Illeso;0;;Non accertato;
4763311;4;21/01/2020 19:25:00;Strada Urbana;VIA VITTORIO MEZZOGIORNO;da specificare;;;;in prossimità di Via Pupella Maggio;Scontro frontale/laterale DX fra veicoli in marcia;Rettilineo;Una carreggiata a senso unico di marcia;Asciutto;In cubetti di porfido;Verticale ed orizzontale;Sereno;Scarso;Sufficiente;Sufficiente;0;0;0;2;12.531;41.974;-1;1;Autovettura privata;In marcia / fermata / arresto;Conducente;M;Illeso;0;;Non accertato;Inesploso
4763311;4;21/01/2020 19:25:00;Strada Urbana;VIA VITTORIO MEZZOGIORNO;da specificare;;;;in prossimità di Via Pupella Maggio;Scontro frontale/laterale DX fra veicoli in marcia;Rettilineo;Una carreggiata a senso unico di marcia;Asciutto;In cubetti di porfido;Verticale ed orizzontale;Sereno;Scarso;Sufficiente;Sufficiente;0;0;0;2;12.531;41.974;-1;2;Autovettura privata;In marcia / fermata / arresto;Conducente;M;Illeso;0;;Non accertato;Inesploso
4763312;2;21/01/2020 08:10:00;Strada Urbana;VIA GUIDUBALDO DEL MONTE;in prossimità;;del civico n.;52;;Veicolo in marcia contro veicolo in sosta;Rettilineo;Una carreggiata a senso unico di marcia;Asciutto;Asfaltata;Verticale ed orizzontale;Sereno;Intenso;Buona;Ore Diurne;0;0;0;1;12.4794;41.9278;-1;1;Autovettura privata;Sosta;;;;;;;
4763312;2;21/01/2020 08:10:00;Strada Urbana;VIA GUIDUBALDO DEL MONTE;in prossimità;;del civico n.;52;;Veicolo in marcia contro veicolo in sosta;Rettilineo;Una carreggiata a senso unico di marcia;Asciutto;Asfaltata;Verticale ed orizzontale;Sereno;Intenso;Buona;Ore Diurne;0;0;0;1;12.4794;41.9278;-1;2;Autoarticolato;In marcia / fermata / arresto;Conducente;M;Illeso;0;;Non accertato;Inesploso
4763314;2;21/01/2020 10:25:00;Strada Urbana;LUNGOTEVERE DELLE NAVI;all'intersezione con;VIA GIOVANNI VINCENZO GRAVINA;VIA GIOVANNI VINCENZO GRAVINA;;;Scontro laterale fra veicoli in marcia;Incrocio;Una carreggiata a senso unico di marcia;Asciutto;Asfaltata;Orizzontale;Sereno;Normale;Buona;Ore Diurne;0;0;0;4;12.4716;41.9168;-1;1;Motociclo con passeggero;In marcia / fermata / arresto;Conducente;M;Illeso;0;;Non accertato;
4763314;2;21/01/2020 10:25:00;Strada Urbana;LUNGOTEVERE DELLE NAVI;all'intersezione con;VIA GIOVANNI VINCENZO GRAVINA;VIA GIOVANNI VINCENZO GRAVINA;;;Scontro laterale fra veicoli in marcia;Incrocio;Una carreggiata a senso unico di marcia;Asciutto;Asfaltata;Orizzontale;Sereno;Normale;Buona;Ore Diurne;0;0;0;4;12.4716;41.9168;-1;1;Motociclo con passeggero;In marcia / fermata / arresto;Passeggero;F;Illeso;0;;Non accertato;
4763314;2;21/01/2020 10:25:00;Strada Urbana;LUNGOTEVERE DELLE NAVI;all'intersezione con;VIA GIOVANNI VINCENZO GRAVINA;VIA GIOVANNI VINCENZO GRAVINA;;;Scontro laterale fra veicoli in marcia;Incrocio;Una carreggiata a senso unico di marcia;Asciutto;Asfaltata;Orizzontale;Sereno;Normale;Buona;Ore Diurne;0;0;0;4;12.4716;41.9168;-1;2;Motociclo a solo;In marcia / fermata / arresto;Conducente;F;Illeso;0;;Non accertato;
4763314;2;21/01/2020 10:25:00;Strada Urbana;LUNGOTEVERE DELLE NAVI;all'intersezione con;VIA GIOVANNI VINCENZO GRAVINA;VIA GIOVANNI VINCENZO GRAVINA;;;Scontro laterale fra veicoli in marcia;Incrocio;Una carreggiata a senso unico di marcia;Asciutto;Asfaltata;Orizzontale;Sereno;Normale;Buona;Ore Diurne;0;0;0;4;12.4716;41.9168;-1;3;Autovettura privata;In marcia / fermata / arresto;Conducente;M;Illeso;0;;Non accertato;Inesploso
4763317;2;21/01/2020 11:00:00;Strada Urbana;VIA ANTONIO STOPPANI;in prossimità;;del civico n.;12;;Tamponamento;Rettilineo;Una carreggiata a senso unico di marcia;Asciutto;Asfaltata;Verticale ed orizzontale;Sereno;Normale;Buona;Ore Diurne;0;0;0;3;12.4913;41.9227;-1;1;Autocarro inferiore 35 q.;In marcia / fermata / arresto;Conducente;M;Illeso;0;;Non accertato;Inesploso
4763317;2;21/01/2020 11:00:00;Strada Urbana;VIA ANTONIO STOPPANI;in prossimità;;del civico n.;12;;Tamponamento;Rettilineo;Una carreggiata a senso unico di marcia;Asciutto;Asfaltata;Verticale ed orizzontale;Sereno;Normale;Buona;Ore Diurne;0;0;0;3;12.4913;41.9227;-1;2;Autovettura di polizia;In marcia / fermata / arresto;Conducente;M;Illeso;0;;Non accertato;Inesploso
4763317;2;21/01/2020 11:00:00;Strada Urbana;VIA ANTONIO STOPPANI;in prossimità;;del civico n.;12;;Tamponamento;Rettilineo;Una carreggiata a senso unico di marcia;Asciutto;Asfaltata;Verticale ed orizzontale;Sereno;Normale;Buona;Ore Diurne;0;0;0;3;12.4913;41.9227;-1;2;Autovettura di polizia;In marcia / fermata / arresto;Passeggero;M;Illeso;0;;Non accertato;Inesploso
4763318;2;21/01/2020 11:20:00;Strada Urbana;VIA NICOLO' PICCINNI;in prossimità;;del civico n.;100;;Veicolo in marcia contro veicolo in sosta;Curva a visuale libera;Una carreggiata a senso unico di marcia;Asciutto;Asfaltata;Verticale ed orizzontale;Nuvoloso;Scarso;Buona;Ore Diurne;0;0;0;1;12.5182;41.9345;-1;1;Autovettura privata;Sosta;;;;;;;
4763318;2;21/01/2020 11:20:00;Strada Urbana;VIA NICOLO' PICCINNI;in prossimità;;del civico n.;100;;Veicolo in marcia contro veicolo in sosta;Curva a visuale libera;Una carreggiata a senso unico di marcia;Asciutto;Asfaltata;Verticale ed orizzontale;Nuvoloso;Scarso;Buona;Ore Diurne;0;0;0;1;12.5182;41.9345;-1;2;Autovettura privata;In marcia / fermata / arresto;Conducente;M;Illeso;0;;;
4763322;2;21/01/2020 13:00:00;Strada Urbana;VIA LOVANIO;in prossimità;;del civico n.;4;;Scontro laterale fra veicoli in marcia;Rettilineo;Una carreggiata a senso unico di marcia;Asciutto;Asfaltata;Verticale ed orizzontale;Sereno;Normale;Buona;Ore Diurne;0;0;0;2;12.4976;41.9208;-1;1;Autovettura privata;In marcia / fermata / arresto;Conducente;M;Illeso;0;;Non accertato;Inesploso
4763322;2;21/01/2020 13:00:00;Strada Urbana;VIA LOVANIO;in prossimità;;del civico n.;4;;Scontro laterale fra veicoli in marcia;Rettilineo;Una carreggiata a senso unico di marcia;Asciutto;Asfaltata;Verticale ed orizzontale;Sereno;Normale;Buona;Ore Diurne;0;0;0;2;12.4976;41.9208;-1;2;Autovettura privata;In marcia / fermata / arresto;Conducente;F;Illeso;0;;Non accertato;Inesploso
4763324;2;21/01/2020 14:35:00;Strada Urbana;VIA TOPINO;da specificare;;;;PROSS. P.ZZA S. SATURNINO;Scontro laterale fra veicoli in marcia;Rettilineo;Una carreggiata a doppio senso;Asciutto;Asfaltata;Verticale ed orizzontale;Sereno;Normale;Buona;Ore Diurne;1;0;0;1;12.5088;41.9224;-1;1;Motociclo a solo;In marcia / fermata / arresto;Conducente;M;Rifiuta cure immediate;0;NON DECEDUTO;;
4763324;2;21/01/2020 14:35:00;Strada Urbana;VIA TOPINO;da specificare;;;;PROSS. P.ZZA S. SATURNINO;Scontro laterale fra veicoli in marcia;Rettilineo;Una carreggiata a doppio senso;Asciutto;Asfaltata;Verticale ed orizzontale;Sereno;Normale;Buona;Ore Diurne;1;0;0;1;12.5088;41.9224;-1;2;Autovettura privata;In marcia / fermata / arresto;Conducente;F;Illeso;0;;Non accertato;Inesploso
4763330;2;21/01/2020 19:05:00;Strada Urbana;VIA GIACOMO PAGLIARI;all'intersezione con;VIA ANDREA RIPA;VIA ANDREA RIPA;;;Veicolo in marcia contro veicolo in sosta;Incrocio;Una carreggiata a senso unico di marcia;Asciutto;Acciotolata;Verticale ed orizzontale;Sereno;Scarso;Buona;Sufficiente;0;0;0;1;12.5002;41.9109;-1;1;Autovettura privata;In marcia / fermata / arresto;Conducente;F;Illeso;0;;Non accertato;Inesploso
4763330;2;21/01/2020 19:05:00;Strada Urbana;VIA GIACOMO PAGLIARI;all'intersezione con;VIA ANDREA RIPA;VIA ANDREA RIPA;;;Veicolo in marcia contro veicolo in sosta;Incrocio;Una carreggiata a senso unico di marcia;Asciutto;Acciotolata;Verticale ed orizzontale;Sereno;Scarso;Buona;Sufficiente;0;0;0;1;12.5002;41.9109;-1;2;Autovettura privata;Sosta;;;;;;;
4763376;16;21/01/2020 19:50:00;Strada Urbana;VIA PORTUENSE;in corrispondenza;;del civico n.;81;;Veicolo in marcia contro veicolo in sosta;Rettilineo;Una carreggiata a doppio senso;Asciutto;Asfaltata;Verticale ed orizzontale;Sereno;Normale;Buona;Sufficiente;0;0;0;2;12.4691;41.879;-1;1;Autovettura privata;Sosta;Passeggero;M;Illeso;0;;Non accertato;
4763376;16;21/01/2020 19:50:00;Strada Urbana;VIA PORTUENSE;in corrispondenza;;del civico n.;81;;Veicolo in marcia contro veicolo in sosta;Rettilineo;Una carreggiata a doppio senso;Asciutto;Asfaltata;Verticale ed orizzontale;Sereno;Normale;Buona;Sufficiente;0;0;0;2;12.4691;41.879;-1;2;Autovettura privata;In marcia / fermata / arresto;Conducente;F;Illeso;0;;Non accertato;
4763379;17;21/01/2020 15:40:00;Strada Urbana;VIALE DELLE MILIZIE;in prossimità;;del civico n.;5/B;;Scontro laterale fra veicoli in marcia;Rettilineo;Più di due carreggiate;Asciutto;Asfaltata;Verticale ed orizzontale;Sereno;Scarso;Buona;Ore Diurne;0;0;0;2;12.4624;41.9121;-1;1;Autovettura privata;In marcia / fermata / arresto;Conducente;F;Illeso;0;;;
4763379;17;21/01/2020 15:40:00;Strada Urbana;VIALE DELLE MILIZIE;in prossimità;;del civico n.;5/B;;Scontro laterale fra veicoli in marcia;Rettilineo;Più di due carreggiate;Asciutto;Asfaltata;Verticale ed orizzontale;Sereno;Scarso;Buona;Ore Diurne;0;0;0;2;12.4624;41.9121;-1;2;Autovettura privata;In marcia / fermata / arresto;Conducente;M;Illeso;0;;;
4763405;1;21/01/2020 17:50:00;Strada Urbana;PIAZZA DELLA ROVERE;all'intersezione con;VIA DELLA LUNGARA;VIA DELLA LUNGARA;;;Infortunio per sola frenata improvvisa;Incrocio;Una carreggiata a senso unico di marcia;Asciutto;Asfaltata;Verticale;Sereno;Normale;Buona;Sufficiente;1;0;0;1;12.4627;41.8991;-1;1;Autovettura privata;In marcia / fermata / arresto;Conducente;F;Illeso;0;;Non accertato;Inesploso