Protocollo;Gruppo;DataOraIncidente;Localizzazione1;STRADA1;Localizzazione2;STRADA2;Strada02;Chilometrica;DaSpecificare;NaturaIncidente;particolaritastrade;TipoStrada;FondoStradale;Pavimentazione;Segnaletica;CondizioneAtmosferica;Traffico;Visibilita;Illuminazione;NUM_FERITI;NUM_RISERVATA;NUM_MORTI;NUM_ILLESI;Longitude;Latitude;Confermato;Progressivo;TipoVeicolo;StatoVeicolo;TipoPersona;Sesso;Tipolesione;Deceduto;DecedutoDopo;CinturaCascoUtilizzato;Airbag;
4769105;6;25/01/2020 10:50:00;Strada Urbana;VIA DI ACQUA BULLICANTE;in corrispondenza;;del civico n.;248;;Scontro frontale/laterale SX fra veicoli in marcia;Rettilineo;Una carreggiata a doppio senso;Bagnato (umidità in atto);Asfaltata;Verticale ed orizzontale;Nuvoloso;Normale;Buona;;0;0;0;2;12.5425;41.8888;0;2;Autovettura privata;In marcia / fermata / arresto;Conducente;M;Illeso;0;;;
4769105;6;25/01/2020 10:50:00;Strada Urbana;VIA DI ACQUA BULLICANTE;in corrispondenza;;del civico n.;248;;Scontro frontale/laterale SX fra veicoli in marcia;Rettilineo;Una carreggiata a doppio senso;Bagnato (umidità in atto);Asfaltata;Verticale ed orizzontale;Nuvoloso;Normale;Buona;;0;0;0;2;12.5425;41.8888;0;2;Autovettura privata;In marcia / fermata / arresto;Passeggero;M;Illeso;0;;;
4769118;8;24/01/2020 06:56:00;Strada Urbana;VIA DELLA RISERVA NUOVA;all'intersezione con;VIA DON PRIMO MAZZOLARI;VIA DON PRIMO MAZZOLARI;;;Investimento di pedone;Intersezione stradale segnalata;Una carreggiata a doppio senso;Asciutto;Asfaltata;Verticale ed orizzontale;Sereno;Scarso;Insufficiente;Insufficiente;1;0;0;3;12.6806;41.8953;-1;;;;Pedone;M;Rimandato;0;NON DECEDUTO;;
4769118;8;24/01/2020 06:56:00;Strada Urbana;VIA DELLA RISERVA NUOVA;all'intersezione con;VIA DON PRIMO MAZZOLARI;VIA DON PRIMO MAZZOLARI;;;Investimento di pedone;Intersezione stradale segnalata;Una carreggiata a doppio senso;Asciutto;Asfaltata;Verticale ed orizzontale;Sereno;Scarso;Insufficiente;Insufficiente;1;0;0;3;12.6806;41.8953;-1;1;Autovettura privata;In marcia / fermata / arresto;Conducente;M;Illeso;0;;Non accertato;Inesploso
4769118;8;24/01/2020 06:56:00;Strada Urbana;VIA DELLA RISERVA NUOVA;all'intersezione con;VIA DON PRIMO MAZZOLARI;VIA DON PRIMO MAZZOLARI;;;Investimento di pedone;Intersezione stradale segnalata;Una carreggiata a doppio senso;Asciutto;Asfaltata;Verticale ed orizzontale;Sereno;Scarso;Insufficiente;Insufficiente;1;0;0;3;12.6806;41.8953;-1;1;Autovettura privata;In marcia / fermata / arresto;Passeggero;F;Illeso;0;;Non accertato;Inesploso
4769118;8;24/01/2020 06:56:00;Strada Urbana;VIA DELLA RISERVA NUOVA;all'intersezione con;VIA DON PRIMO MAZZOLARI;VIA DON PRIMO MAZZOLARI;;;Investimento di pedone;Intersezione stradale segnalata;Una carreggiata a doppio senso;Asciutto;Asfaltata;Verticale ed orizzontale;Sereno;Scarso;Insufficiente;Insufficiente;1;0;0;3;12.6806;41.8953;-1;1;Autovettura privata;In marcia / fermata / arresto;Passeggero;M;Illeso;0;;Non accertato;Inesploso
4769120;8;24/01/2020 13:25:00;Strada Urbana;VIA DI SALONE;all'intersezione con;VIA COLLATINA;VIA COLLATINA;;;Scontro laterale fra veicoli in marcia;Rotatoria;Una carreggiata a senso unico di marcia;Asciutto;Asfaltata;Verticale ed orizzontale;Sereno;Normale;Buona;Ore Diurne;1;0;0;3;12.6339;41.9228;-1;1;Autovettura privata;In marcia / fermata / arresto;Conducente;M;Rifiuta cure immediate;0;NON DECEDUTO;Non accertato;Inesploso
4769120;8;24/01/2020 13:25:00;Strada Urbana;VIA DI SALONE;all'intersezione con;VIA COLLATINA;VIA COLLATINA;;;Scontro laterale fra veicoli in marcia;Rotatoria;Una carreggiata a senso unico di marcia;Asciutto;Asfaltata;Verticale ed orizzontale;Sereno;Normale;Buona;Ore Diurne;1;0;0;3;12.6339;41.9228;-1;2;Autocaravan;In marcia / fermata / arresto;Conducente;M;Illeso;0;;Non accertato;Inesploso
4769120;8;24/01/2020 13:25:00;Strada Urbana;VIA DI SALONE;all'intersezione con;VIA COLLATINA;VIA COLLATINA;;;Scontro laterale fra veicoli in marcia;Rotatoria;Una carreggiata a senso unico di marcia;Asciutto;Asfaltata;Verticale ed orizzontale;Sereno;Normale;Buona;Ore Diurne;1;0;0;3;12.6339;41.9228;-1;2;Autocaravan;In marcia / fermata / arresto;Passeggero;F;Illeso;0;;Non accertato;Inesistente
4769120;8;24/01/2020 13:25:00;Strada Urbana;VIA DI SALONE;all'intersezione con;VIA COLLATINA;VIA COLLATINA;;;Scontro laterale fra veicoli in marcia;Rotatoria;Una carreggiata a senso unico di marcia;Asciutto;Asfaltata;Verticale ed orizzontale;Sereno;Normale;Buona;Ore Diurne;1;0;0;3;12.6339;41.9228;-1;2;Autocaravan;In marcia / fermata / arresto;Passeggero;M;Illeso;0;;Non accertato;Inesistente
4769123;6;25/01/2020 10:55:00;Strada Urbana;PIAZZA ROBERTO MALATESTA;in corrispondenza;;del civico n.;61;;Veicolo in marcia contro veicolo in sosta;Curva a visuale libera;Una carreggiata a senso unico di marcia;Bagnato (umidità in atto);Asfaltata;Orizzontale;Nuvoloso;Scarso;Buona;Ore Diurne;1;0;0;2;12.541;41.8877;-1;;;;Pedone;M;Rimandato;0;NON DECEDUTO;;
4769123;6;25/01/2020 10:55:00;Strada Urbana;PIAZZA ROBERTO MALATESTA;in corrispondenza;;del civico n.;61;;Veicolo in marcia contro veicolo in sosta;Curva a visuale libera;Una carreggiata a senso unico di marcia;Bagnato (umidità in atto);Asfaltata;Orizzontale;Nuvoloso;Scarso;Buona;Ore Diurne;1;0;0;2;12.541;41.8877;-1;1;Autovettura privata;In marcia / fermata / arresto;Passeggero;M;Illeso;0;;;
4769123;6;25/01/2020 10:55:00;Strada Urbana;PIAZZA ROBERTO MALATESTA;in corrispondenza;;del civico n.;61;;Veicolo in marcia contro veicolo in sosta;Curva a visuale libera;Una carreggiata a senso unico di marcia;Bagnato (umidità in atto);Asfaltata;Orizzontale;Nuvoloso;Scarso;Buona;Ore Diurne;1;0;0;2;12.541;41.8877;-1;1;Autovettura privata;In marcia / fermata / arresto;Passeggero;M;Illeso;0;;;
4769123;6;25/01/2020 10:55:00;Strada Urbana;PIAZZA ROBERTO MALATESTA;in corrispondenza;;del civico n.;61;;Veicolo in marcia contro veicolo in sosta;Curva a visuale libera;Una carreggiata a senso unico di marcia;Bagnato (umidità in atto);Asfaltata;Orizzontale;Nuvoloso;Scarso;Buona;Ore Diurne;1;0;0;2;12.541;41.8877;-1;2;Autovettura privata;Sosta;;;;;;;
4769126;8;24/01/2020 16:00:00;Strada Urbana;VIA DOMENICO PARASACCHI;in prossimità;;del palo luce n.;15;;Veicolo in marcia contro ostacolo fisso;Pianeggiante;Una carreggiata a senso unico di marcia;Asciutto;Asfaltata;Orizzontale;Nuvoloso;Scarso;Sufficiente;Ore Diurne;0;0;0;1;12.6325;41.867;-1;1;Autovettura privata;In marcia / fermata / arresto;Conducente;F;Illeso;0;;;Inesploso
4769130;8;24/01/2020 16:55:00;Strada Urbana;VIA DI ROCCA CENCIA;da specificare;;;;intersezione con Via Urzulei;Tamponamento Multiplo;Rettilineo;Una carreggiata a doppio senso;Asciutto;Asfaltata;Verticale ed orizzontale;Nuvoloso;Intenso;Buona;Sufficiente;3;0;0;0;12.6919;41.8758;-1;1;Autovettura privata;In marcia / fermata / arresto;Conducente;M;Rifiuta cure immediate;0;NON DECEDUTO;;
4769130;8;24/01/2020 16:55:00;Strada Urbana;VIA DI ROCCA CENCIA;da specificare;;;;intersezione con Via Urzulei;Tamponamento Multiplo;Rettilineo;Una carreggiata a doppio senso;Asciutto;Asfaltata;Verticale ed orizzontale;Nuvoloso;Intenso;Buona;Sufficiente;3;0;0;0;12.6919;41.8758;-1;2;Autovettura privata;In marcia / fermata / arresto;Conducente;M;Rifiuta cure immediate;0;NON DECEDUTO;;
4769130;8;24/01/2020 16:55:00;Strada Urbana;VIA DI ROCCA CENCIA;da specificare;;;;intersezione con Via Urzulei;Tamponamento Multiplo;Rettilineo;Una carreggiata a doppio senso;Asciutto;Asfaltata;Verticale ed orizzontale;Nuvoloso;Intenso;Buona;Sufficiente;3;0;0;0;12.6919;41.8758;-1;3;Autovettura privata;In marcia / fermata / arresto;Conducente;F;Rimandato;0;NON DECEDUTO;;
4769134;8;24/01/2020 18:35:00;Strada Urbana;VIA DEL FOSSO DELL'OSA;in prossimità;;del civico n.;511;;Tamponamento;Rettilineo;Una carreggiata a doppio senso;Asciutto;Asfaltata;Verticale ed orizzontale;Sereno;Normale;Buona;Sufficiente;1;0;0;1;12.6813;41.909;-1;1;Autovettura privata;In marcia / fermata / arresto;Conducente;M;Rifiuta cure immediate;0;NON DECEDUTO;Non accertato;Inesploso
4769134;8;24/01/2020 18:35:00;Strada Urbana;VIA DEL FOSSO DELL'OSA;in prossimità;;del civico n.;511;;Tamponamento;Rettilineo;Una carreggiata a doppio senso;Asciutto;Asfaltata;Verticale ed orizzontale;Sereno;Normale;Buona;Sufficiente;1;0;0;1;12.6813;41.909;-1;2;Autovettura privata;In marcia / fermata / arresto;Conducente;M;Illeso;0;;Non accertato;Inesploso
4769138;8;24/01/2020 23:00:00;Strada Urbana;VIA CASILINA;in corrispondenza;;del civico n.;1791;;Scontro frontale/laterale DX fra veicoli in marcia;Rettilineo;Una carreggiata a doppio senso;Bagnato (pioggia);Asfaltata;Verticale ed orizzontale;Pioggia in atto;Normale;Buona;Sufficiente;1;0;0;2;12.6811;41.8629;-1;1;Autovettura privata;In marcia / fermata / arresto;Conducente;F;Rifiuta cure immediate;0;NON DECEDUTO;Non accertato;Inesploso
4769138;8;24/01/2020 23:00:00;Strada Urbana;VIA CASILINA;in corrispondenza;;del civico n.;1791;;Scontro frontale/laterale DX fra veicoli in marcia;Rettilineo;Una carreggiata a doppio senso;Bagnato (pioggia);Asfaltata;Verticale ed orizzontale;Pioggia in atto;Normale;Buona;Sufficiente;1;0;0;2;12.6811;41.8629;-1;2;Autovettura privata;In marcia / fermata / arresto;Conducente;M;Illeso;0;;Non accertato;Inesploso
4769138;8;24/01/2020 23:00:00;Strada Urbana;VIA CASILINA;in corrispondenza;;del civico n.;1791;;Scontro frontale/laterale DX fra veicoli in marcia;Rettilineo;Una carreggiata a doppio senso;Bagnato (pioggia);Asfaltata;Verticale ed orizzontale;Pioggia in atto;Normale;Buona;Sufficiente;1;0;0;2;12.6811;41.8629;-1;2;Autovettura privata;In marcia / fermata / arresto;Passeggero;F;Illeso;0;;Non accertato;Inesploso
4769160;18;25/01/2020 12:35:00;Strada Urbana;VIA DI BOCCEA;da specificare;;;;ALL'ALTEZZA DI VIA NAZARETH DIR. CENTRO;Tamponamento Multiplo;Rettilineo;Una carreggiata a doppio senso;Asciutto;Asfaltata;Verticale ed orizzontale;Nuvoloso;Normale;Buona;Ore Diurne;0;0;0;3;12.4078;41.9074;-1;1;Autovettura privata;In marcia / fermata / arresto;Conducente;M;Illeso;0;;;
4769160;18;25/01/2020 12:35:00;Strada Urbana;VIA DI BOCCEA;da specificare;;;;ALL'ALTEZZA DI VIA NAZARETH DIR. CENTRO;Tamponamento Multiplo;Rettilineo;Una carreggiata a doppio senso;Asciutto;Asfaltata;Verticale ed orizzontale;Nuvoloso;Normale;Buona;Ore Diurne;0;0;0;3;12.4078;41.9074;-1;2;Autovettura privata;In marcia / fermata / arresto;Conducente;M;Illeso;0;;;
4769160;18;25/01/2020 12:35:00;Strada Urbana;VIA DI BOCCEA;da specificare;;;;ALL'ALTEZZA DI VIA NAZARETH DIR. CENTRO;Tamponamento Multiplo;Rettilineo;Una carreggiata a doppio senso;Asciutto;Asfaltata;Verticale ed orizzontale;Nuvoloso;Normale;Buona;Ore Diurne;0;0;0;3;12.4078;41.9074;-1;3;Autovettura privata;In marcia / fermata / arresto;Conducente;M;Illeso;0;;;
4769268;6;25/01/2020 16:50:00;Strada Urbana;VIA DI ACQUA BULLICANTE;in corrispondenza;;del civico n.;290;;Veicolo in marcia contro veicolo fermo;Rettilineo;Una carreggiata a doppio senso;Asciutto;Asfaltata;Verticale ed orizzontale;Sereno;Normale;Buona;Ore Diurne;0;0;0;2;12.542;41.8907;-1;1;Autocarro superiore 35 q.;In marcia / fermata / arresto;Conducente;M;Illeso;0;;Non accertato;Inesploso
4769268;6;25/01/2020 16:50:00;Strada Urbana;VIA DI ACQUA BULLICANTE;in corrispondenza;;del civico n.;290;;Veicolo in marcia contro veicolo fermo;Rettilineo;Una carreggiata a doppio senso;Asciutto;Asfaltata;Verticale ed orizzontale;Sereno;Normale;Buona;Ore Diurne;0;0;0;2;12.542;41.8907;-1;2;Autovettura privata;In marcia / fermata / arresto;Conducente;M;Illeso;0;;Non accertato;Inesploso
4769276;13;25/01/2020 08:55:00;Strada Urbana;VIA BRUNO MOLAJOLI;da specificare;;;;altezza Via FAUSTO ZONARO;Scontro frontale fra veicoli in marcia;Rettilineo;Una carreggiata a doppio senso;Asciutto;Asfaltata;Orizzontale;Sereno;Normale;Buona;Ore Diurne;4;0;0;2;12.3629;41.7709;-1;1;Autovettura privata;In marcia / fermata / arresto;Conducente;M;Rimandato;0;NON DECEDUTO;Non accertato;Esploso
4769276;13;25/01/2020 08:55:00;Strada Urbana;VIA BRUNO MOLAJOLI;da specificare;;;;altezza Via FAUSTO ZONARO;Scontro frontale fra veicoli in marcia;Rettilineo;Una carreggiata a doppio senso;Asciutto;Asfaltata;Orizzontale;Sereno;Normale;Buona;Ore Diurne;4;0;0;2;12.3629;41.7709;-1;1;Autovettura privata;In marcia / fermata / arresto;Passeggero;M;Rimandato;0;NON DECEDUTO;Non accertato;Esploso
4769276;13;25/01/2020 08:55:00;Strada Urbana;VIA BRUNO MOLAJOLI;da specificare;;;;altezza Via FAUSTO ZONARO;Scontro frontale fra veicoli in marcia;Rettilineo;Una carreggiata a doppio senso;Asciutto;Asfaltata;Orizzontale;Sereno;Normale;Buona;Ore Diurne;4;0;0;2;12.3629;41.7709;-1;1;Autovettura privata;In marcia / fermata / arresto;Passeggero;M;Rimandato;0;NON DECEDUTO;Non accertato;Inesploso
4769276;13;25/01/2020 08:55:00;Strada Urbana;VIA BRUNO MOLAJOLI;da specificare;;;;altezza Via FAUSTO ZONARO;Scontro frontale fra veicoli in marcia;Rettilineo;Una carreggiata a doppio senso;Asciutto;Asfaltata;Orizzontale;Sereno;Normale;Buona;Ore Diurne;4;0;0;2;12.3629;41.7709;-1;2;Autovettura privata;In marcia / fermata / arresto;Conducente;M;Rimandato;0;NON DECEDUTO;Non accertato;Esploso
4769276;13;25/01/2020 08:55:00;Strada Urbana;VIA BRUNO MOLAJOLI;da specificare;;;;altezza Via FAUSTO ZONARO;Scontro frontale fra veicoli in marcia;Rettilineo;Una carreggiata a doppio senso;Asciutto;Asfaltata;Orizzontale;Sereno;Normale;Buona;Ore Diurne;4;0;0;2;12.3629;41.7709;-1;3;Autovettura privata;In marcia / fermata / arresto;Conducente;F;Illeso;0;;Non accertato;Inesploso
4769276;13;25/01/2020 08:55:00;Strada Urbana;VIA BRUNO MOLAJOLI;da specificare;;;;altezza Via FAUSTO ZONARO;Scontro frontale fra veicoli in marcia;Rettilineo;Una carreggiata a doppio senso;Asciutto;Asfaltata;Orizzontale;Sereno;Normale;Buona;Ore Diurne;4;0;0;2;12.3629;41.7709;-1;3;Autovettura privata;In marcia / fermata / arresto;Passeggero;M;Illeso;0;;Non accertato;Inesploso
4769292;15;25/01/2020 12:55:00;Strada Urbana;VIA ANTONIO PACINOTTI;in prossimità;;del civico n.;83;;Tamponamento Multiplo;Rettilineo;Una carreggiata a doppio senso;Asciutto;Asfaltata;Verticale ed orizzontale;Sereno;Normale;Buona;Ore Diurne;1;0;0;2;12.4704;41.872;-1;1;Autovettura privata;In marcia / fermata / arresto;Conducente;M;Illeso;0;;Non accertato;
4769292;15;25/01/2020 12:55:00;Strada Urbana;VIA ANTONIO PACINOTTI;in prossimità;;del civico n.;83;;Tamponamento Multiplo;Rettilineo;Una carreggiata a doppio senso;Asciutto;Asfaltata;Verticale ed orizzontale;Sereno;Normale;Buona;Ore Diurne;1;0;0;2;12.4704;41.872;-1;2;Autovettura privata;In marcia / fermata / arresto;Conducente;F;Rimandato;0;NON DECEDUTO;Non accertato;
4769292;15;25/01/2020 12:55:00;Strada Urbana;VIA ANTONIO PACINOTTI;in prossimità;;del civico n.;83;;Tamponamento Multiplo;Rettilineo;Una carreggiata a doppio senso;Asciutto;Asfaltata;Verticale ed orizzontale;Sereno;Normale;Buona;Ore Diurne;1;0;0;2;12.4704;41.872;-1;3;Autovettura privata;In marcia / fermata / arresto;Conducente;M;Illeso;0;;Non accertato;
4769346;11;25/01/2020 14:05:00;Strada Urbana;VIA CRISTOFORO COLOMBO;all'intersezione semaforizzata con;VIA DI GROTTA PERFETTA;VIA DI GROTTA PERFETTA;;;Scontro frontale/laterale SX fra veicoli in marcia;Intersezione semaforizzata;Più di due carreggiate;Asciutto;Asfaltata;Verticale ed orizzontale;Nuvoloso;Normale;Buona;Ore Diurne;0;0;0;2;12.4847;41.8501;-1;1;Autovettura privata;In marcia / fermata / arresto;Conducente;M;Illeso;0;;Non accertato;Inesploso
4769346;11;25/01/2020 14:05:00;Strada Urbana;VIA CRISTOFORO COLOMBO;all'intersezione semaforizzata con;VIA DI GROTTA PERFETTA;VIA DI GROTTA PERFETTA;;;Scontro frontale/laterale SX fra veicoli in marcia;Intersezione semaforizzata;Più di due carreggiate;Asciutto;Asfaltata;Verticale ed orizzontale;Nuvoloso;Normale;Buona;Ore Diurne;0;0;0;2;12.4847;41.8501;-1;2;Autovettura privata;In marcia / fermata / arresto;Conducente;M;Illeso;0;;Non accertato;Inesploso
4769366;18;25/01/2020 16:30:00;Strada Urbana;VIA DEL FORTE BRASCHI;in prossimità;;del civico n.;92;;Scontro frontale/laterale SX fra veicoli in marcia;Rettilineo;Una carreggiata a doppio senso;Bagnato (pioggia);Asfaltata;Assente;Nuvoloso;Normale;Buona;Ore Diurne;0;0;0;2;12.4202;41.9136;-1;1;Autovettura privata;In marcia / fermata / arresto;Conducente;M;Illeso;0;;;
4769366;18;25/01/2020 16:30:00;Strada Urbana;VIA DEL FORTE BRASCHI;in prossimità;;del civico n.;92;;Scontro frontale/laterale SX fra veicoli in marcia;Rettilineo;Una carreggiata a doppio senso;Bagnato (pioggia);Asfaltata;Assente;Nuvoloso;Normale;Buona;Ore Diurne;0;0;0;2;12.4202;41.9136;-1;2;Motociclo a solo;In marcia / fermata / arresto;Conducente;M;Illeso;0;;;
4769409;17;25/01/2020 14:15:00;Strada Urbana;PIAZZA VENEZIA;all'intersezione con;VIA DEL CORSO;VIA DEL CORSO;;;Investimento di pedone;Intersezione stradale segnalata;Due carreggiate;Asciutto;In cubetti di porfido;Verticale ed orizzontale;Sereno;Intenso;Sufficiente;Ore Diurne;1;0;0;1;12.4826;41.8958;-1;;;;Pedone;M;Rimandato;0;NON DECEDUTO;;
4769409;17;25/01/2020 14:15:00;Strada Urbana;PIAZZA VENEZIA;all'intersezione con;VIA DEL CORSO;VIA DEL CORSO;;;Investimento di pedone;Intersezione stradale segnalata;Due carreggiate;Asciutto;In cubetti di porfido;Verticale ed orizzontale;Sereno;Intenso;Sufficiente;Ore Diurne;1;0;0;1;12.4826;41.8958;-1;1;Autovettura privata;In marcia / fermata / arresto;Conducente;M;Illeso;0;;;
4769912;15;26/01/2020 00:30:00;Strada Urbana;VIA PORTUENSE;da specificare;;;;fronte civico 419;Scontro frontale/laterale SX fra veicoli in marcia;Rettilineo;Una carreggiata a doppio senso;Asciutto;Asfaltata;Verticale ed orizzontale;Sereno;Scarso;Buona;Sufficiente;0;0;0;2;12.414;41.8469;-1;1;Autovettura privata;In marcia / fermata / arresto;Conducente;M;Illeso;0;;Utilizzato;Esploso
4769912;15;26/01/2020 00:30:00;Strada Urbana;VIA PORTUENSE;da specificare;;;;fronte civico 419;Scontro frontale/laterale SX fra veicoli in marcia;Rettilineo;Una carreggiata a doppio senso;Asciutto;Asfaltata;Verticale ed orizzontale;Sereno;Scarso;Buona;Sufficiente;0;0;0;2;12.414;41.8469;-1;2;Autovettura privata;In marcia / fermata / arresto;Conducente;M;Illeso;0;;Utilizzato;Esploso
4769919;15;26/01/2020 01:25:00;Strada Urbana;VIA PORTUENSE;all'intersezione con;VIA GIUSEPPE BELLUZZO;VIA GIUSEPPE BELLUZZO;;;Tamponamento;Incrocio;Una carreggiata a doppio senso;Asciutto;Asfaltata;Orizzontale;Nuvoloso;Normale;Buona;Sufficiente;0;0;0;2;12.414;41.8469;-1;1;Autovettura privata;In marcia / fermata / arresto;Conducente;M;Illeso;0;;Non accertato;Inesploso
4769919;15;26/01/2020 01:25:00;Strada Urbana;VIA PORTUENSE;all'intersezione con;VIA GIUSEPPE BELLUZZO;VIA GIUSEPPE BELLUZZO;;;Tamponamento;Incrocio;Una carreggiata a doppio senso;Asciutto;Asfaltata;Orizzontale;Nuvoloso;Normale;Buona;Sufficiente;0;0;0;2;12.414;41.8469;-1;2;Autovettura privata;In marcia / fermata / arresto;Conducente;F;Illeso;0;;Non accertato;Inesploso
4769950;9;25/01/2020 09:15:00;Strada Urbana;VIA TARANTO;all'intersezione con;VIA FOLIGNO;VIA FOLIGNO;;;Scontro frontale/laterale DX fra veicoli in marcia;Incrocio;Una carreggiata a doppio senso;Bagnato (pioggia);Asfaltata;Verticale ed orizzontale;Nuvoloso;Scarso;Buona;Ore Diurne;1;0;0;2;12.5185;41.8837;-1;1;Autovettura privata;In marcia / fermata / arresto;Conducente;F;Illeso;0;;Non accertato;Inesploso
4769950;9;25/01/2020 09:15:00;Strada Urbana;VIA TARANTO;all'intersezione con;VIA FOLIGNO;VIA FOLIGNO;;;Scontro frontale/laterale DX fra veicoli in marcia;Incrocio;Una carreggiata a doppio senso;Bagnato (pioggia);Asfaltata;Verticale ed orizzontale;Nuvoloso;Scarso;Buona;Ore Diurne;1;0;0;2;12.5185;41.8837;-1;1;Autovettura privata;In marcia / fermata / arresto;Passeggero;M;Illeso;0;;Non accertato;Inesploso
4769950;9;25/01/2020 09:15:00;Strada Urbana;VIA TARANTO;all'intersezione con;VIA FOLIGNO;VIA FOLIGNO;;;Scontro frontale/laterale DX fra veicoli in marcia;Incrocio;Una carreggiata a doppio senso;Bagnato (pioggia);Asfaltata;Verticale ed orizzontale;Nuvoloso;Scarso;Buona;Ore Diurne;1;0;0;2;12.5185;41.8837;-1;2;Motociclo a solo;In marcia / fermata / arresto;Conducente;M;Rimandato;0;NON DECEDUTO;Non accertato;
4769951;8;25/01/2020 10:00:00;Strada Urbana;VIA DI LUNGHEZZINA;in prossimità;;del palo luce n.;322;;Fuoriuscita dalla sede stradale;Rettilineo;Una carreggiata a doppio senso;Bagnato (umidità in atto);Asfaltata;Orizzontale;Nuvoloso;Normale;Buona;Ore Diurne;3;0;0;0;12.708;41.9293;-1;1;Autovettura privata;In marcia / fermata / arresto;Conducente;M;Rimandato;0;NON DECEDUTO;Non accertato;Inesploso
4769951;8;25/01/2020 10:00:00;Strada Urbana;VIA DI LUNGHEZZINA;in prossimità;;del palo luce n.;322;;Fuoriuscita dalla sede stradale;Rettilineo;Una carreggiata a doppio senso;Bagnato (umidità in atto);Asfaltata;Orizzontale;Nuvoloso;Normale;Buona;Ore Diurne;3;0;0;0;12.708;41.9293;-1;1;Autovettura privata;In marcia / fermata / arresto;Passeggero;M;Rimandato;0;NON DECEDUTO;Non accertato;Inesploso
4769951;8;25/01/2020 10:00:00;Strada Urbana;VIA DI LUNGHEZZINA;in prossimità;;del palo luce n.;322;;Fuoriuscita dalla sede stradale;Rettilineo;Una carreggiata a doppio senso;Bagnato (umidità in atto);Asfaltata;Orizzontale;Nuvoloso;Normale;Buona;Ore Diurne;3;0;0;0;12.708;41.9293;-1;1;Autovettura privata;In marcia / fermata / arresto;Passeggero;M;Rimandato;0;NON DECEDUTO;Non accertato;Inesploso
4769954;8;25/01/2020 11:15:00;Strada Urbana;VIA GIUSEPPE TORALDO;in prossimità;;del civico n.;7;;Veicolo in marcia contro veicolo in sosta;Rettilineo;Una carreggiata a senso unico di marcia;Asciutto;Asfaltata;Verticale;Sereno;Normale;Buona;Ore Diurne;0;0;0;1;12.6193;41.8643;-1;1;Autovettura privata;Sosta;;;;;;;
4769954;8;25/01/2020 11:15:00;Strada Urbana;VIA GIUSEPPE TORALDO;in prossimità;;del civico n.;7;;Veicolo in marcia contro veicolo in sosta;Rettilineo;Una carreggiata a senso unico di marcia;Asciutto;Asfaltata;Verticale;Sereno;Normale;Buona;Ore Diurne;0;0;0;1;12.6193;41.8643;-1;2;Autovettura privata;In marcia / fermata / arresto;Conducente;M;Illeso;0;;;
4769956;8;25/01/2020 11:40:00;Strada Urbana;VIA CASILINA;da specificare;;;;altezza via Carcaricola direzione Roma centro;Tamponamento;Rettilineo;Una carreggiata a doppio senso;Asciutto;Asfaltata;Verticale ed orizzontale;Sereno;Normale;Buona;Ore Diurne;0;0;0;3;12.612;41.8632;-1;1;Autovettura privata;In marcia / fermata / arresto;Conducente;M;Illeso;0;;Non accertato;Inesploso
4769956;8;25/01/2020 11:40:00;Strada Urbana;VIA CASILINA;da specificare;;;;altezza via Carcaricola direzione Roma centro;Tamponamento;Rettilineo;Una carreggiata a doppio senso;Asciutto;Asfaltata;Verticale ed orizzontale;Sereno;Normale;Buona;Ore Diurne;0;0;0;3;12.612;41.8632;-1;1;Autovettura privata;In marcia / fermata / arresto;Passeggero;F;Illeso;0;;Non accertato;Inesploso
4769956;8;25/01/2020 11:40:00;Strada Urbana;VIA CASILINA;da specificare;;;;altezza via Carcaricola direzione Roma centro;Tamponamento;Rettilineo;Una carreggiata a doppio senso;Asciutto;Asfaltata;Verticale ed orizzontale;Sereno;Normale;Buona;Ore Diurne;0;0;0;3;12.612;41.8632;-1;2;Autovettura privata;In marcia / fermata / arresto;Conducente;M;Illeso;0;;Non accertato;Inesploso
4769957;8;25/01/2020 13:30:00;Strada Urbana;VIA PRENESTINA;all'intersezione con;VIA DELL'ACQUA VERGINE;VIA DELL'ACQUA VERGINE;;;Scontro frontale/laterale SX fra veicoli in marcia;Incrocio;Una carreggiata a doppio senso;Asciutto;Asfaltata;Verticale ed orizzontale;Sereno;Normale;Buona;Ore Diurne;0;0;0;5;12.6155;41.8933;-1;1;Autovettura privata;In marcia / fermata / arresto;Conducente;M;Illeso;0;;Non accertato;Inesploso
4769957;8;25/01/2020 13:30:00;Strada Urbana;VIA PRENESTINA;all'intersezione con;VIA DELL'ACQUA VERGINE;VIA DELL'ACQUA VERGINE;;;Scontro frontale/laterale SX fra veicoli in marcia;Incrocio;Una carreggiata a doppio senso;Asciutto;Asfaltata;Verticale ed orizzontale;Sereno;Normale;Buona;Ore Diurne;0;0;0;5;12.6155;41.8933;-1;1;Autovettura privata;In marcia / fermata / arresto;Passeggero;F;Illeso;0;;Non accertato;Inesploso
4769957;8;25/01/2020 13:30:00;Strada Urbana;VIA PRENESTINA;all'intersezione con;VIA DELL'ACQUA VERGINE;VIA DELL'ACQUA VERGINE;;;Scontro frontale/laterale SX fra veicoli in marcia;Incrocio;Una carreggiata a doppio senso;Asciutto;Asfaltata;Verticale ed orizzontale;Sereno;Normale;Buona;Ore Diurne;0;0;0;5;12.6155;41.8933;-1;1;Autovettura privata;In marcia / fermata / arresto;Passeggero;M;Illeso;0;;Non accertato;Inesploso